{
  "stage": 5,
  "model": "GaussianAnchorDynamicPredictor training smoke",
  "device": "cuda",
  "batch": 4,
  "gaussians": 512,
  "hidden_dim": 128,
  "steps": 80,
  "lr": 0.001,
  "quant_bits": 8,
  "initial_eval_loss": 0.0892159016802907,
  "final_eval_loss": 0.014655626378953457,
  "eval_loss_ratio": 0.16427145949241842,
  "first_train_loss": 0.09044384956359863,
  "last_train_loss": 0.013557206839323044,
  "train_loss_ratio": 0.1498963932289264,
  "train_losses": [
    0.09044384956359863,
    0.08878695219755173,
    0.08992598950862885,
    0.09025047719478607,
    0.08945426344871521,
    0.08833687752485275,
    0.08970832079648972,
    0.08918219804763794,
    0.08754260838031769,
    0.08703692257404327,
    0.0862426608800888,
    0.08406756818294525,
    0.08434116095304489,
    0.08206315338611603,
    0.08152396976947784,
    0.07882203906774521,
    0.07555683702230453,
    0.07499202340841293,
    0.0708685964345932,
    0.06774408370256424,
    0.0635521188378334,
    0.05894665792584419,
    0.054828133434057236,
    0.04986385256052017,
    0.042095474898815155,
    0.0366925373673439,
    0.033419329673051834,
    0.029820172116160393,
    0.024518685415387154,
    0.02218993939459324,
    0.020387867465615273,
    0.02093411423265934,
    0.018887031823396683,
    0.018427107483148575,
    0.01867765188217163,
    0.01897307299077511,
    0.01578756794333458,
    0.01713876985013485,
    0.01743634231388569,
    0.01635768823325634,
    0.014475999400019646,
    0.013823679648339748,
    0.016537269577383995,
    0.012998592108488083,
    0.013882528990507126,
    0.014537149108946323,
    0.013291998766362667,
    0.015421519055962563,
    0.013031861744821072,
    0.01605025678873062,
    0.014426449313759804,
    0.01493324525654316,
    0.01681082509458065,
    0.0163765586912632,
    0.01641729660332203,
    0.013076475821435452,
    0.01287902146577835,
    0.012615736573934555,
    0.015337182208895683,
    0.014824471436440945,
    0.015152014791965485,
    0.016009856015443802,
    0.01506064087152481,
    0.014668084681034088,
    0.01497680600732565,
    0.01403498463332653,
    0.013720783405005932,
    0.016215050593018532,
    0.013969428837299347,
    0.014479734934866428,
    0.013919117860496044,
    0.014923128299415112,
    0.015131455846130848,
    0.016272181645035744,
    0.014129512943327427,
    0.015056067146360874,
    0.014179561287164688,
    0.013863274827599525,
    0.014881383627653122,
    0.013557206839323044
  ],
  "parameter_count": 102925
}