{
  "summaries": [
    {
      "sample": "n3dv",
      "frame_gap": 2,
      "total_frames": 81,
      "selected_keyframes": [
        0,
        2,
        4,
        6,
        8,
        10,
        12,
        14,
        16,
        18,
        20,
        22,
        24,
        26,
        28,
        30,
        32,
        34,
        36,
        38,
        40,
        42,
        44,
        46,
        48,
        50,
        52,
        54,
        56,
        58,
        60,
        62,
        64,
        66,
        68,
        70,
        72,
        74,
        76,
        78,
        80
      ],
      "exported_pair_count": 40,
      "total_middle_frames": 40,
      "total_anchor_mib": 73.125,
      "avg_anchor_mib_per_pair": 1.828125,
      "heavy_root": "/mnt/hdd2tC/tmp/opencode/mono_dfcgs_runs/stage6_real_anchor_dataset"
    },
    {
      "sample": "meetroom",
      "frame_gap": 2,
      "total_frames": 81,
      "selected_keyframes": [
        0,
        2,
        4,
        6,
        8,
        10,
        12,
        14,
        16,
        18,
        20,
        22,
        24,
        26,
        28,
        30,
        32,
        34,
        36,
        38,
        40,
        42,
        44,
        46,
        48,
        50,
        52,
        54,
        56,
        58,
        60,
        62,
        64,
        66,
        68,
        70,
        72,
        74,
        76,
        78,
        80
      ],
      "exported_pair_count": 40,
      "total_middle_frames": 40,
      "total_anchor_mib": 73.125,
      "avg_anchor_mib_per_pair": 1.828125,
      "heavy_root": "/mnt/hdd2tC/tmp/opencode/mono_dfcgs_runs/stage6_real_anchor_dataset"
    },
    {
      "sample": "driving",
      "frame_gap": 2,
      "total_frames": 81,
      "selected_keyframes": [
        0,
        2,
        4,
        6,
        8,
        10,
        12,
        14,
        16,
        18,
        20,
        22,
        24,
        26,
        28,
        30,
        32,
        34,
        36,
        38,
        40,
        42,
        44,
        46,
        48,
        50,
        52,
        54,
        56,
        58,
        60,
        62,
        64,
        66,
        68,
        70,
        72,
        74,
        76,
        78,
        80
      ],
      "exported_pair_count": 40,
      "total_middle_frames": 40,
      "total_anchor_mib": 73.125,
      "avg_anchor_mib_per_pair": 1.828125,
      "heavy_root": "/mnt/hdd2tC/tmp/opencode/mono_dfcgs_runs/stage6_real_anchor_dataset"
    },
    {
      "sample": "robot",
      "frame_gap": 2,
      "total_frames": 77,
      "selected_keyframes": [
        0,
        2,
        4,
        6,
        8,
        10,
        12,
        14,
        16,
        18,
        20,
        22,
        24,
        26,
        28,
        30,
        32,
        34,
        36,
        38,
        40,
        42,
        44,
        46,
        48,
        50,
        52,
        54,
        56,
        58,
        60,
        62,
        64,
        66,
        68,
        70,
        72,
        74,
        76
      ],
      "exported_pair_count": 38,
      "total_middle_frames": 38,
      "total_anchor_mib": 69.46875,
      "avg_anchor_mib_per_pair": 1.828125,
      "heavy_root": "/mnt/hdd2tC/tmp/opencode/mono_dfcgs_runs/stage6_real_anchor_dataset"
    },
    {
      "sample": "n3dv",
      "frame_gap": 4,
      "total_frames": 81,
      "selected_keyframes": [
        0,
        4,
        8,
        12,
        16,
        20,
        24,
        28,
        32,
        36,
        40,
        44,
        48,
        52,
        56,
        60,
        64,
        68,
        72,
        76,
        80
      ],
      "exported_pair_count": 20,
      "total_middle_frames": 60,
      "total_anchor_mib": 36.5625,
      "avg_anchor_mib_per_pair": 1.828125,
      "heavy_root": "/mnt/hdd2tC/tmp/opencode/mono_dfcgs_runs/stage6_real_anchor_dataset"
    },
    {
      "sample": "meetroom",
      "frame_gap": 4,
      "total_frames": 81,
      "selected_keyframes": [
        0,
        4,
        8,
        12,
        16,
        20,
        24,
        28,
        32,
        36,
        40,
        44,
        48,
        52,
        56,
        60,
        64,
        68,
        72,
        76,
        80
      ],
      "exported_pair_count": 20,
      "total_middle_frames": 60,
      "total_anchor_mib": 36.5625,
      "avg_anchor_mib_per_pair": 1.828125,
      "heavy_root": "/mnt/hdd2tC/tmp/opencode/mono_dfcgs_runs/stage6_real_anchor_dataset"
    },
    {
      "sample": "driving",
      "frame_gap": 4,
      "total_frames": 81,
      "selected_keyframes": [
        0,
        4,
        8,
        12,
        16,
        20,
        24,
        28,
        32,
        36,
        40,
        44,
        48,
        52,
        56,
        60,
        64,
        68,
        72,
        76,
        80
      ],
      "exported_pair_count": 20,
      "total_middle_frames": 60,
      "total_anchor_mib": 36.5625,
      "avg_anchor_mib_per_pair": 1.828125,
      "heavy_root": "/mnt/hdd2tC/tmp/opencode/mono_dfcgs_runs/stage6_real_anchor_dataset"
    },
    {
      "sample": "robot",
      "frame_gap": 4,
      "total_frames": 77,
      "selected_keyframes": [
        0,
        4,
        8,
        12,
        16,
        20,
        24,
        28,
        32,
        36,
        40,
        44,
        48,
        52,
        56,
        60,
        64,
        68,
        72,
        76
      ],
      "exported_pair_count": 19,
      "total_middle_frames": 57,
      "total_anchor_mib": 34.734375,
      "avg_anchor_mib_per_pair": 1.828125,
      "heavy_root": "/mnt/hdd2tC/tmp/opencode/mono_dfcgs_runs/stage6_real_anchor_dataset"
    },
    {
      "sample": "n3dv",
      "frame_gap": 8,
      "total_frames": 81,
      "selected_keyframes": [
        0,
        8,
        16,
        24,
        32,
        40,
        48,
        56,
        64,
        72,
        80
      ],
      "exported_pair_count": 10,
      "total_middle_frames": 70,
      "total_anchor_mib": 18.28125,
      "avg_anchor_mib_per_pair": 1.828125,
      "heavy_root": "/mnt/hdd2tC/tmp/opencode/mono_dfcgs_runs/stage6_real_anchor_dataset"
    },
    {
      "sample": "meetroom",
      "frame_gap": 8,
      "total_frames": 81,
      "selected_keyframes": [
        0,
        8,
        16,
        24,
        32,
        40,
        48,
        56,
        64,
        72,
        80
      ],
      "exported_pair_count": 10,
      "total_middle_frames": 70,
      "total_anchor_mib": 18.28125,
      "avg_anchor_mib_per_pair": 1.828125,
      "heavy_root": "/mnt/hdd2tC/tmp/opencode/mono_dfcgs_runs/stage6_real_anchor_dataset"
    },
    {
      "sample": "driving",
      "frame_gap": 8,
      "total_frames": 81,
      "selected_keyframes": [
        0,
        8,
        16,
        24,
        32,
        40,
        48,
        56,
        64,
        72,
        80
      ],
      "exported_pair_count": 10,
      "total_middle_frames": 70,
      "total_anchor_mib": 18.28125,
      "avg_anchor_mib_per_pair": 1.828125,
      "heavy_root": "/mnt/hdd2tC/tmp/opencode/mono_dfcgs_runs/stage6_real_anchor_dataset"
    },
    {
      "sample": "robot",
      "frame_gap": 8,
      "total_frames": 77,
      "selected_keyframes": [
        0,
        8,
        16,
        24,
        32,
        40,
        48,
        56,
        64,
        72,
        76
      ],
      "exported_pair_count": 10,
      "total_middle_frames": 66,
      "total_anchor_mib": 18.28125,
      "avg_anchor_mib_per_pair": 1.828125,
      "heavy_root": "/mnt/hdd2tC/tmp/opencode/mono_dfcgs_runs/stage6_real_anchor_dataset"
    },
    {
      "sample": "n3dv",
      "frame_gap": 16,
      "total_frames": 81,
      "selected_keyframes": [
        0,
        16,
        32,
        48,
        64,
        80
      ],
      "exported_pair_count": 5,