{
  "stage": 174,
  "status": "medium_rendered_validation_execution_packaged",
  "decision": "medium_validation_ready_for_decision",
  "policy": "streamsplat_guided_half_anchor_entropy_residual_v1",
  "protocol_row_count": 150,
  "output_row_count": 150,
  "new_render_count": 54,
  "expected_new_render_count": 54,
  "reused_row_count": 84,
  "keyframe_marker_count": 32,
  "summary_rows": [
    {
      "category": "false_negative_residual",
      "schedule": "stage165_adaptive",
      "row_count": 8,
      "rendered_count": 8,
      "keyframe_marker_count": 0,
      "reused_count": 8,
      "new_render_count": 0,
      "mean_psnr": 26.192677144097143,
      "p10_psnr": 25.184412756845912,
      "mean_ssim": 0.8337735459208488,
      "mean_ms_ssim": 0.9814087599515915,
      "mean_lpips": 0.2088309582322836,
      "p90_lpips": 0.2746345430612564,
      "mean_original_psnr": 19.86239408781455,
      "mean_original_lpips": 0.28173528984189034,
      "mean_payload_bytes": 155993.625,
      "mean_side_mib_per_intermediate": 0.1487671136856079,
      "mean_delta_psnr_vs_uniform_gap8": -0.010963752281610173,
      "mean_delta_lpips_vs_uniform_gap8": 0.0009096115827560425
    },
    {
      "category": "false_negative_residual",
      "schedule": "uniform_gap4",
      "row_count": 8,
      "rendered_count": 7,
      "keyframe_marker_count": 1,
      "reused_count": 8,
      "new_render_count": 0,
      "mean_psnr": 25.68324570510097,
      "p10_psnr": 25.263786687198742,
      "mean_ssim": 0.8433339936392648,
      "mean_ms_ssim": 0.983516446181706,
      "mean_lpips": 0.19355605755533492,
      "p90_lpips": 0.23076039850711824,
      "mean_original_psnr": 20.052429695932908,
      "mean_original_lpips": 0.2695577506508146,
      "mean_payload_bytes": 149221.57142857142,
      "mean_side_mib_per_intermediate": 0.14230878012520926,
      "mean_delta_psnr_vs_uniform_gap8": 0.10339870067147418,
      "mean_delta_lpips_vs_uniform_gap8": -0.004473369036402021
    },
    {
      "category": "false_negative_residual",
      "schedule": "uniform_gap8",
      "row_count": 8,
      "rendered_count": 8,
      "keyframe_marker_count": 0,
      "reused_count": 8,
      "new_render_count": 0,
      "mean_psnr": 26.203640896378754,
      "p10_psnr": 25.184412756845912,
      "mean_ssim": 0.8343665823340416,
      "mean_ms_ssim": 0.9815688729286194,
      "mean_lpips": 0.20792134664952755,
      "p90_lpips": 0.26954071819782255,
      "mean_original_psnr": 19.69910130834679,
      "mean_original_lpips": 0.2856053560972214,
      "mean_payload_bytes": 156389.625,
      "mean_side_mib_per_intermediate": 0.14914476871490479,
      "mean_delta_psnr_vs_uniform_gap8": 0.0,
      "mean_delta_lpips_vs_uniform_gap8": 0.0
    },
    {
      "category": "high_payload_residual_control",
      "schedule": "stage165_adaptive",
      "row_count": 4,
      "rendered_count": 4,
      "keyframe_marker_count": 0,
      "reused_count": 4,
      "new_render_count": 0,
      "mean_psnr": 31.35483734665675,
      "p10_psnr": 29.976111320828107,
      "mean_ssim": 0.8907568752765656,
      "mean_ms_ssim": 0.9871875941753387,
      "mean_lpips": 0.1504514366388321,
      "p90_lpips": 0.16648623198270798,
      "mean_original_psnr": 22.188000198114516,
      "mean_original_lpips": 0.35751569271087646,
      "mean_payload_bytes": 239237.25,
      "mean_side_mib_per_intermediate": 0.22815442085266113,
      "mean_delta_psnr_vs_uniform_gap8": 0.315564515849454,
      "mean_delta_lpips_vs_uniform_gap8": -0.017040904611349106
    },
    {
      "category": "high_payload_residual_control",
      "schedule": "uniform_gap4",
      "row_count": 4,
      "rendered_count": 4,
      "keyframe_marker_count": 0,
      "reused_count": 4,
      "new_render_count": 0,
      "mean_psnr": 31.07807009977641,
      "p10_psnr": 29.92149259323744,
      "mean_ssim": 0.8811613470315933,
      "mean_ms_ssim": 0.9859860688447952,
      "mean_lpips": 0.16600503399968147,
      "p90_lpips": 0.17165925055742265,
      "mean_original_psnr": 21.401174142545102,
      "mean_original_lpips": 0.3694092035293579,
      "mean_payload_bytes": 241069.75,
      "mean_side_mib_per_intermediate": 0.22990202903747559,
      "mean_delta_psnr_vs_uniform_gap8": 0.03879726896911517,
      "mean_delta_lpips_vs_uniform_gap8": -0.0014873072504997253
    },
    {
      "category": "high_payload_residual_control",
      "schedule": "uniform_gap8",
      "row_count": 4,
      "rendered_count": 4,
      "keyframe_marker_count": 0,
      "reused_count": 4,
      "new_render_count": 0,
      "mean_psnr": 31.039272830807292,
      "p10_psnr": 29.976111320828107,
      "mean_ssim": 0.8808263838291168,
      "mean_ms_ssim": 0.9858412444591522,
      "mean_lpips": 0.1674923412501812,
      "p90_lpips": 0.19081948399543763,
      "mean_original_psnr": 21.101950158857058,
      "mean_original_lpips": 0.39386656135320663,
      "mean_payload_bytes": 239014.0,
      "mean_side_mib_per_intermediate": 0.22794151306152344,
      "mean_delta_psnr_vs_uniform_gap8": 0.0,
      "mean_delta_lpips_vs_uniform_gap8": 0.0
    },
    {
      "category": "high_payload_residual_control_extension",
      "schedule": "stage165_adaptive",
      "row_count": 8,
      "rendered_count": 8,
      "keyframe_marker_count": 0,
      "reused_count": 0,
      "new_render_count": 8,
      "mean_psnr": 29.53971001977139,
      "p10_psnr": 28.09209780771229,
      "mean_ssim": 0.8629022240638733,
      "mean_ms_ssim": 0.9834175109863281,
      "mean_lpips": 0.17348034121096134,
      "p90_lpips": 0.18854936808347703,
      "mean_original_psnr": 21.73795284366408,
      "mean_original_lpips": 0.3357606027275324,
      "mean_payload_bytes": 225694.75,
      "mean_side_mib_per_intermediate": 0.2152392864227295,
      "mean_delta_psnr_vs_uniform_gap8": 0.0,
      "mean_delta_lpips_vs_uniform_gap8": 0.0
    },
    {
      "category": "high_payload_residual_control_extension",
      "schedule": "uniform_gap4",
      "row_count": 8,
      "rendered_count": 7,
      "keyframe_marker_count": 1,
      "reused_count": 0,
      "new_render_count": 7,
      "mean_psnr": 29.230788801492164,
      "p10_psnr": 28.009251655834735,
      "mean_ssim": 0.8660072003092084,
      "mean_ms_ssim": 0.9840114286967686,
      "mean_lpips": 0.16790805331298284,
      "p90_lpips": 0.18818645477294924,
      "mean_original_psnr": 23.193815638042828,
      "mean_original_lpips": 0.29480524361133575,
      "mean_payload_bytes": 223694.42857142858,
      "mean_side_mib_per_intermediate": 0.21333163125174387,
      "mean_delta_psnr_vs_uniform_gap8": 0.09410127449348339,
      "mean_delta_lpips_vs_uniform_gap8": -0.005734767232622419
    },
    {
      "category": "high_payload_residual_control_extension",
      "schedule": "uniform_gap8",
      "row_count": 8,
      "rendered_count": 8,
      "keyframe_marker_count": 0,
      "reused_count": 0,
      "new_render_count": 8,
      "mean_psnr": 29.53971001977139,
      "p10_psnr": 28.09209780771229,
      "mean_ssim": 0.8629022240638733,
      "mean_ms_ssim": 0.9834175109863281,
      "mean_lpips": 0.17348034121096134,
      "p90_lpips": 0.18854936808347703,
      "mean_original_psnr": 21.73795284366408,
      "mean_original_lpips": 0.3357606027275324,
      "mean_payload_bytes": 225694.75,
      "mean_side_mib_per_intermediate": 0.2152392864227295,
      "mean_delta_psnr_vs_uniform_gap8": 0.0,
      "mean_delta_lpips_vs_uniform_gap8": 0.0
    },
    {
      "category": "normal_residual_control",
      "schedule": "stage165_adaptive",
      "row_count": 4,
      "rendered_count": 4,
      "keyframe_marker_count": 0,
      "reused_count": 0,
      "new_render_count": 4,
      "mean_psnr": 33.40646151515855,
      "p10_psnr": 33.324293582810924,
      "mean_ssim": 0.9053240418434143,
      "mean_ms_ssim": 0.9819346815347672,
      "mean_lpips": 0.07590389996767044,
      "p90_lpips": 0.07739182561635971,
      "mean_original_psnr": 26.46787076371906,