step,model_psnr_avg,linear_psnr_avg,margin_over_linear_psnr,min_gap_margin_over_linear_psnr,selection_score,best_so_far,gap4_model_psnr,gap4_linear_psnr,gap4_margin_over_linear_psnr,gap8_model_psnr,gap8_linear_psnr,gap8_margin_over_linear_psnr
0,19.697228869272262,19.5588739709682,0.13835489830407682,0.12251526389602437,0.12251526389602437,True,20.05174662536213,19.929231361466105,0.12251526389602437,19.31983899988628,19.164622555276853,0.155216444609423
80,19.695203818518223,19.5588739709682,0.13632984755003458,0.1217618468520363,0.1217618468520363,False,20.050993208318147,19.929231361466105,0.1217618468520363,19.316460274537658,19.164622555276853,0.15183771926080694
160,19.67945097074299,19.5588739709682,0.12057699977480393,0.10370709734690504,0.10370709734690504,False,20.032938458813017,19.929231361466105,0.10370709734690504,19.303157838281354,19.164622555276853,0.13853528300450274
240,19.677331542393684,19.5588739709682,0.11845757142549357,0.10497032571835363,0.10497032571835363,False,20.03420168718447,19.929231361466105,0.10497032571835363,19.297437517293815,19.164622555276853,0.13281496201696513
