base_method,codec,reference_gap,keep_fraction,side_bits,task_count,mean_side_info_mib_per_intermediate_frame,mean_base_psnr,mean_sideinfo_psnr,mean_delta_psnr_vs_base,positive_delta_count
linear,q12,4,0.1,6,18,0.041353702545166016,19.984796422852106,23.403666365261454,3.4188699424093465,18
linear,q12,8,0.1,6,19,0.041353702545166016,18.457589807006293,21.513744759131683,3.056154952125395,19
linear,q12,16,0.1,6,23,0.041353702545166016,17.08421543617396,20.344221350298344,3.2600059141243887,23
stage65_adapter,q12,4,0.1,6,18,0.041353702545166016,20.041732308843873,22.84099865483423,2.7992663459903557,18
stage65_adapter,q12,8,0.1,6,19,0.041353702545166016,18.706547218120296,21.398942062762643,2.6923948446423474,19
stage65_adapter,q12,16,0.1,6,23,0.041353702545166016,17.32823013943833,20.29200458015274,2.9637744407144093,23
