{
  "stage": 83,
  "stage_label": "Stage83 Gap-Aware Adapter Training",
  "mode": "gap-aware adapter training pilot",
  "run_note": "This is a gap-aware pilot run, not a final long-training result.",
  "task_manifest": "/mnt/hdd2tC/haocheng/Mono-DFCGS/experiments/stage79_adapter_training_task_manifest/stage79_adapter_training_tasks.csv",
  "codecs": [
    "q10",
    "q12"
  ],
  "gaps": [
    4,
    8,
    16
  ],
  "available_train_rows": 21108,
  "available_eval_rows": 10000,
  "train_task_count": 72,
  "eval_task_count": 60,
  "steps": 72,
  "eval_interval": 18,
  "hidden_dim": 256,
  "lr": 8e-06,
  "weight_decay": 0.0001,
  "gap_loss_weights": {
    "4": 3.0,
    "8": 1.0,
    "16": 1.0
  },
  "best_metric": "protected_gap4_margin",
  "gap4_penalty": 2.0,
  "parameter_count": 402445,
  "heavy_root": "/data/hctang/tmp/opencode/mono_dfcgs_runs/stage83_gap_aware_adapter_training",
  "summary_root": "experiments/stage83_gap_aware_adapter_training",
  "initial_eval": {
    "task_count": 60,
    "model_psnr_avg": 19.369958827711727,
    "linear_psnr_avg": 19.259310564194283,
    "margin_over_linear_psnr": 0.11064826351743612,
    "model_psnr_by_gap": {
      "16": 18.53259509054414,
      "4": 21.059816223126727,
      "8": 18.40396692899053
    },
    "linear_psnr_by_gap": {
      "16": 18.198242265439546,
      "4": 21.07054312177456,
      "8": 18.35032317190541
    },
    "margin_over_linear_psnr_by_gap": {
      "16": 0.3343528251045902,
      "4": -0.010726898647836793,
      "8": 0.05364375708512303
    },
    "min_gap_margin_over_linear_psnr": -0.010726898647836793
  },
  "best_eval": {
    "task_count": 60,
    "model_psnr_avg": 19.369958827711727,
    "linear_psnr_avg": 19.259310564194283,
    "margin_over_linear_psnr": 0.11064826351743612,
    "model_psnr_by_gap": {
      "16": 18.53259509054414,
      "4": 21.059816223126727,
      "8": 18.40396692899053
    },
    "linear_psnr_by_gap": {
      "16": 18.198242265439546,
      "4": 21.07054312177456,
      "8": 18.35032317190541
    },
    "margin_over_linear_psnr_by_gap": {
      "16": 0.3343528251045902,
      "4": -0.010726898647836793,
      "8": 0.05364375708512303
    },
    "min_gap_margin_over_linear_psnr": -0.010726898647836793
  },
  "final_eval": {
    "task_count": 60,
    "model_psnr_avg": 19.372171148779863,
    "linear_psnr_avg": 19.259310564194283,
    "margin_over_linear_psnr": 0.11286058458557878,
    "model_psnr_by_gap": {
      "16": 18.570779137971066,
      "4": 21.026264327793207,
      "8": 18.412521486255752
    },
    "linear_psnr_by_gap": {
      "16": 18.198242265439546,
      "4": 21.07054312177456,
      "8": 18.35032317190541
    },
    "margin_over_linear_psnr_by_gap": {
      "16": 0.3725368725315138,
      "4": -0.044278793981359484,
      "8": 0.06219831435034278
    },
    "min_gap_margin_over_linear_psnr": -0.044278793981359484
  },
  "best_selection_score": 0.08919446622176253,
  "best_step": 0,
  "init_checkpoint": {
    "path": "/data/hctang/tmp/opencode/mono_dfcgs_runs/stage65_rgb_h256_medium_training/rgb_h256/best_adapter.safetensors",
    "tensor_count": 14,
    "parameter_count": 402445
  },
  "best_checkpoint": {
    "path": "/data/hctang/tmp/opencode/mono_dfcgs_runs/stage83_gap_aware_adapter_training/best_adapter.safetensors",
    "tensor_count": 14,
    "parameter_count": 402445
  },
  "final_checkpoint": {
    "path": "/data/hctang/tmp/opencode/mono_dfcgs_runs/stage83_gap_aware_adapter_training/final_adapter.safetensors",
    "tensor_count": 14,
    "parameter_count": 402445
  },
  "reference_checkpoint": "/data/hctang/tmp/opencode/mono_dfcgs_runs/stage65_rgb_h256_medium_training/rgb_h256/best_adapter.safetensors",
  "reference_checkpoint_exists": true,
  "reference_eval": {
    "task_count": 60,
    "model_psnr_avg": 19.369958827711727,
    "linear_psnr_avg": 19.259310564194283,
    "margin_over_linear_psnr": 0.11064826351743612,
    "model_psnr_by_gap": {
      "16": 18.53259509054414,
      "4": 21.059816223126727,
      "8": 18.40396692899053
    },
    "linear_psnr_by_gap": {
      "16": 18.198242265439546,
      "4": 21.07054312177456,
      "8": 18.35032317190541
    },
    "margin_over_linear_psnr_by_gap": {
      "16": 0.3343528251045902,
      "4": -0.010726898647836793,
      "8": 0.05364375708512303
    },
    "min_gap_margin_over_linear_psnr": -0.010726898647836793
  },
  "train_log_csv": "experiments/stage83_gap_aware_adapter_training/stage83_train_log.csv",
  "validation_log_csv": "experiments/stage83_gap_aware_adapter_training/stage83_validation_log.csv",
  "best_eval_csv": "experiments/stage83_gap_aware_adapter_training/stage83_best_eval_rows.csv",
  "final_eval_csv": "experiments/stage83_gap_aware_adapter_training/stage83_final_eval_rows.csv",
  "reference_eval_csv": "experiments/stage83_gap_aware_adapter_training/stage83_reference_eval_rows.csv",
  "notes": "This is a gap-aware pilot run, not a final long-training result. Offline RGB targets are used for training supervision; transmitted test-time inputs remain endpoint static Gaussian anchors plus normalized time."
}