step,model_psnr_avg,linear_psnr_avg,margin_over_linear_psnr,selection_score,best_so_far
0,19.369958827711727,19.259310564194283,0.11064826351743612,0.08919446622176253,True
18,19.37628272551443,19.259310564194283,0.11697216132013853,0.046987208134659036,False
36,19.3469631086588,19.259310564194283,0.0876525444645058,-0.12161981423745741,False
54,19.36035213043731,19.259310564194283,0.10104156624302488,-0.03941369024825134,False
72,19.372171148779863,19.259310564194283,0.11286058458557878,0.024302996622859813,False
