step,model_psnr_avg,linear_psnr_avg,margin_over_linear_psnr,min_gap_margin_over_linear_psnr,selection_score,best_so_far,gap4_model_psnr,gap4_linear_psnr,gap4_margin_over_linear_psnr,gap8_model_psnr,gap8_linear_psnr,gap8_margin_over_linear_psnr
0,19.30193946735575,19.200317738313426,0.10162172904232497,0.03760697804374987,0.03760697804374987,True,20.05304674887969,20.015439770835943,0.03760697804374987,18.45068454829528,18.276512768121233,0.17417178017404342
40,19.30427697939496,19.200317738313426,0.10395924108153148,0.028853004921811774,0.028853004921811774,False,20.04429277575775,20.015439770835943,0.028853004921811774,18.46559241018378,18.276512768121233,0.18907964206254715
80,19.313366675051686,19.200317738313426,0.11304893673826172,0.05164998002879758,0.05164998002879758,True,20.067089750864742,20.015439770835943,0.05164998002879758,18.459147189130217,18.276512768121233,0.18263442100898775
