{
  "stage": 126,
  "stats_by_setting": {
    "q4_top20": {
      "label": "q4_top20",
      "role": "primary",
      "keep_fraction": 0.2,
      "side_bits": 4,
      "sample_count": 884760,
      "feature_dim": 56,
      "residual_dim": 13,
      "feature_mean": [
        0.4865868859854022,
        0.4715227723240341,
        0.4281322841802408,
        0.7978712434214628,
        0.004165550705185565,
        0.0054045149073212615,
        -0.01590705034164932,
        0.1884168604301886,
        0.07345636251474613,
        1.0,
        0.0,
        0.0,
        0.0,
        0.4852178199056776,
        0.47543003321453225,
        0.4358035195179033,
        0.8003054316501085,
        0.0041771982985423315,
        0.005489447677896158,
        -0.015902788075048975,
        0.1902525099952697,
        0.07344436407539927,
        1.0,
        0.0,
        0.0,
        0.0,
        0.484624725866492,
        0.47102995965216776,
        0.4298542983311051,
        0.798298987131437,
        0.004170804135364714,
        0.0054417307904758416,
        -0.015902786036847163,
        0.18999413935743767,
        0.07344943676730435,
        1.0,
        0.0,
        0.0,
        0.0,
        -0.0013690660468598924,
        0.003907260882405283,
        0.007671235338083507,
        0.0024341882305993915,
        1.1647593407720208e-05,
        8.493277056022578e-05,
        4.26226660034595e-06,
        0.0018356495751347152,
        -1.1998439346872513e-05,
        0.0,
        0.0,
        0.0,
        0.0,
        0.5314646468187372,
        0.33616309460097304,
        0.7519144979616006,
        -0.091427038875198
      ],
      "feature_std": [
        0.30585431769351945,
        0.2942938312364556,
        0.3042898452586259,
        0.18488647070660194,
        0.0016740450294614386,
        0.0027279813496856407,
        0.5505208996259403,
        0.14463824903468067,
        0.5243641219522679,
        1e-06,
        1e-06,
        1e-06,
        1e-06,
        0.3100592426043314,
        0.30047439325489583,
        0.3137006569601909,
        0.18456697523733528,
        0.0016801228463436545,
        0.002764787977471032,
        0.5505205517878303,
        0.14702894480217013,
        0.5243616159576701,
        1e-06,
        1e-06,
        1e-06,
        1e-06,
        0.21094630762277097,
        0.19936406898747835,
        0.21697484622594299,
        0.14651274929844846,
        0.0015588129302063498,
        0.002515934747351937,
        0.5505208590704199,
        0.1345485760502679,
        0.524362166359016,
        1e-06,
        1e-06,
        1e-06,
        1e-06,
        0.509674839206804,
        0.5004103659898531,
        0.49680056058208705,
        0.2506415315306737,
        0.0014207766112229313,
        0.0024797022859355507,
        0.001292033500648456,
        0.13224831452144423,
        0.0021781096239246968,
        1e-06,
        1e-06,
        1e-06,
        1e-06,
        0.23175077907977623,
        0.2362116989520064,
        0.22252156837799858,
        0.6137995316496925
      ],
      "label_mean": [
        -0.01770072024764927,
        -0.01699231539726939,
        -0.01703296771063217,
        0.01240820235385093,
        -3.866233050254235e-05,
        2.0826025272849426e-05,
        -9.745816694202633e-06,
        -0.002551102338428991,
        -5.49446322657066e-05,
        0.0,
        0.0,
        0.0,
        0.0
      ],
      "label_std": [
        0.25917466384888793,
        0.25443624330827613,
        0.2515222896670769,
        0.16478973673685635,
        0.0010698406743803828,
        0.001757217984134967,
        0.001093344197766084,
        0.06823197552684605,
        0.001810195060317807,
        1e-06,
        1e-06,
        1e-06,
        1e-06
      ],
      "feature_rms": 0.46078898367726934,
      "label_rms": 0.13244603771996774
    },
    "q4_top10": {
      "label": "q4_top10",
      "role": "low_rate",
      "keep_fraction": 0.1,
      "side_bits": 4,
      "sample_count": 442320,
      "feature_dim": 56,
      "residual_dim": 13,
      "feature_mean": [
        0.49747038404337374,
        0.4842106116548765,
        0.4472423078840898,
        0.796278700728588,
        0.004187962671400764,
        0.0053871009957544985,
        -0.02317843746800204,
        0.18369439115057107,
        0.11173296999634337,
        1.0,
        0.0,
        0.0,
        0.0,
        0.49834451632478954,
        0.49027141574113914,
        0.4572139401144434,
        0.7997456955416392,
        0.004207196644136526,
        0.005474124952327491,
        -0.02316731518772201,
        0.18518161651754855,
        0.11172116624558946,
        1.0,
        0.0,
        0.0,
        0.0,
        0.49616450508761645,
        0.4850349700600921,
        0.4501880912093163,
        0.797397806423806,
        0.004197295809686559,
        0.005426490306303057,
        -0.02317000123600115,
        0.18557062925061565,
        0.1117243732111015,
        1.0,
        0.0,
        0.0,
        0.0,
        0.0008741323480816808,
        0.006060804076389236,
        0.009971632241686634,
        0.003466994817060267,
        1.9233972771753503e-05,
        8.70239565413437e-05,
        1.1122280280032496e-05,
        0.0014872253809266904,
        -1.1803750753898607e-05,
        0.0,
        0.0,
        0.0,
        0.0,
        0.5314646468187372,
        0.33616309460097304,
        0.7519144979616006,
        -0.09142703887519803
      ],
      "feature_std": [
        0.3329819902445394,
        0.32480321675344265,
        0.3296725247755915,
        0.19632306177851455,
        0.0016757962101519334,
        0.002755420145922373,
        0.541549945118049,
        0.14359491946921882,
        0.5086241864358253,
        1e-06,
        1e-06,
        1e-06,
        1e-06,
        0.33686847381999485,
        0.32991893052698995,
        0.3388943872261085,
        0.19565268627305607,
        0.0016814983244010644,
        0.0027941742598749314,
        0.5415520097612432,
        0.14507771829674201,
        0.5086225722794216,
        1e-06,
        1e-06,
        1e-06,
        1e-06,
        0.20311188271127104,
        0.19408434504343103,
        0.20906864441609455,
        0.15188358374532332,
        0.0015465802694276526,
        0.0025184559510707557,
        0.5415502816513291,
        0.13151259821852768,
        0.5086222963009132,
        1e-06,
        1e-06,
        1e-06,
        1e-06,
        0.6061667712763325,
        0.59986539035424,
        0.5921939227236156,
        0.27483857841637527,
        0.0014996827155304147,
        0.002638050176246356,
        0.0013624144823194593,
        0.14102359797423566,
        0.0023063794745715738,
        1e-06,
        1e-06,
        1e-06,
        1e-06,
        0.23175077907977623,
        0.23621169895200633,
        0.22252156837799933,
        0.6137995316496925
      ],
      "label_mean": [
        -0.02082967136920524,
        -0.022282656215013456,
        -0.023464295506190447,
        0.008119148959190619,
        -6.790605925247922e-05,
        6.170198107432736e-06,
        -9.260220735243405e-06,
        -0.003951795041567191,
        -7.47107532678046e-05,
        0.0,
        0.0,
        0.0,
        0.0
      ],
      "label_std": [
        0.28139281403937627,
        0.27841279052804224,
        0.27425462720091975,
        0.17430368180002437,
        0.0011234619453165014,
        0.0018317493680895535,
        0.0011428570638156502,
        0.0712232432989492,
        0.001894758133314069,
        1e-06,
        1e-06,
        1e-06,
        1e-06
      ],
      "feature_rms": 0.4704328888850035,
      "label_rms": 0.1438315651016054
    }
  }
}
