base_method,codec,reference_gap,task_count,keep_fraction,side_bits,mean_fixed_payload_bytes,mean_entropy_payload_bytes,mean_fixed_mib_per_intermediate_frame,mean_entropy_mib_per_intermediate_frame,mean_entropy_ratio_vs_fixed,mean_entropy_savings_bytes_vs_fixed,max_decoded_max_abs_diff_vs_fixed,mean_base_psnr,mean_entropy_psnr,mean_delta_psnr_vs_base,positive_delta_count
linear,q12,4,18,0.1,6,43381.0,29869.833333333332,0.04137134552001953,0.028486092885335285,0.6885464450642754,13511.166666666666,0.0,19.984796422852106,23.403532118481326,3.4187356956292225,18
linear,q12,8,19,0.1,6,43381.0,30440.894736842107,0.04137134552001953,0.02903069947895251,0.7017103048994284,12940.105263157895,0.0,18.457589807006293,21.51362735577916,3.05603754877287,19
linear,q12,16,23,0.1,6,43381.0,30239.565217391304,0.04137134552001953,0.028838696687117867,0.6970693441228029,13141.434782608696,0.0,17.08421543617396,20.344147709407626,3.2599322732336695,23
stage65_adapter,q12,4,18,0.1,6,43381.0,34757.88888888889,0.04137134552001953,0.033147705925835505,0.8012237820448788,8623.111111111111,0.0,20.041732308843873,22.841151135422116,2.7994188265782376,18
stage65_adapter,q12,8,19,0.1,6,43381.0,35513.15789473684,0.04137134552001953,0.033867986578690376,0.8186339156482526,7867.8421052631575,0.0,18.706547218120296,21.39901144086742,2.692464222747122,19
stage65_adapter,q12,16,23,0.1,6,43381.0,35406.434782608696,0.04137134552001953,0.03376620748768682,0.8161737807475322,7974.565217391304,0.0,17.32823013943833,20.292022340267458,2.9637922008291264,23
