{
  "stage": 154,
  "mode": "original StreamSplat middle base alignment",
  "method": "original_streamsplat_middle_base",
  "task_count": 120,
  "checkpoint": "/mnt/hdd2tC/tmp/opencode/StreamSplat/checkpoints/streamsplat.safetensors",
  "davis_root": "/data/hctang/tmp/opencode/datasets/DAVIS_official_downloads/DAVIS",
  "summary_rows": [
    {
      "gap": 4,
      "method": "original_streamsplat_middle_base",
      "task_count": 60,
      "mean_psnr": 22.06421822428011,
      "min_psnr": 13.382142950217844,
      "p10_psnr": 17.192961834877085,
      "mean_ssim": 0.6008085365096728,
      "min_ssim": 0.13895510137081146,
      "p10_ssim": 0.37271187007427214,
      "mean_ms_ssim": 0.8013669446110725,
      "min_ms_ssim": 0.28308480978012085,
      "p10_ms_ssim": 0.5652454972267151,
      "mean_lpips": 0.3014947975675265,
      "max_lpips": 0.6503110527992249,
      "p90_lpips": 0.4241745501756668,
      "mean_delta_psnr_vs_stage151_recovered": -0.8312378934877117,
      "mean_delta_ssim_vs_stage151_recovered": -0.0011954049269358316,
      "mean_delta_lpips_vs_stage151_recovered": -0.04603325972954432
    },
    {
      "gap": 8,
      "method": "original_streamsplat_middle_base",
      "task_count": 60,
      "mean_psnr": 20.33727549162514,
      "min_psnr": 12.472897671347383,
      "p10_psnr": 14.745158801376014,
      "mean_ssim": 0.5203309365858634,
      "min_ssim": 0.0891624465584755,
      "p10_ssim": 0.3226454347372055,
      "mean_ms_ssim": 0.7005373592178027,
      "min_ms_ssim": 0.15403105318546295,
      "p10_ms_ssim": 0.3308709651231766,
      "mean_lpips": 0.3593370050191879,
      "max_lpips": 0.6770032644271851,
      "p90_lpips": 0.551969712972641,
      "mean_delta_psnr_vs_stage151_recovered": -1.4725764599412898,
      "mean_delta_ssim_vs_stage151_recovered": -0.04327566338082155,
      "mean_delta_lpips_vs_stage151_recovered": -0.02489723116159439
    }
  ],
  "raw_pred_gs_mib_total_diagnostic": 742.5,
  "raw_pred_gs_mib_per_task_diagnostic": 6.1875,
  "lpips_available": true,
  "lpips_error": null,
  "ms_ssim_available": true,
  "ms_ssim_error": null,
  "badcase_contact_sheets": {
    "highest_original_lpips": "/data/hctang/tmp/opencode/mono_dfcgs_runs/stage154_original_streamsplat_middle_base_alignment/stage154_badcases_highest_original_lpips.jpg",
    "lowest_original_ssim": "/data/hctang/tmp/opencode/mono_dfcgs_runs/stage154_original_streamsplat_middle_base_alignment/stage154_badcases_lowest_original_ssim.jpg",
    "lowest_original_psnr": "/data/hctang/tmp/opencode/mono_dfcgs_runs/stage154_original_streamsplat_middle_base_alignment/stage154_badcases_lowest_original_psnr.jpg",
    "largest_psnr_drop_vs_stage151": "/data/hctang/tmp/opencode/mono_dfcgs_runs/stage154_original_streamsplat_middle_base_alignment/stage154_badcases_largest_psnr_drop_vs_stage151.jpg"
  },
  "rows_csv": "/mnt/hdd2tC/haocheng/Mono-DFCGS/experiments/stage154_original_streamsplat_middle_base_alignment/stage154_original_streamsplat_middle_rows.csv",
  "badcases_csv": "/mnt/hdd2tC/haocheng/Mono-DFCGS/experiments/stage154_original_streamsplat_middle_base_alignment/stage154_original_streamsplat_middle_badcases.csv",
  "summary_csv": "/mnt/hdd2tC/haocheng/Mono-DFCGS/experiments/stage154_original_streamsplat_middle_base_alignment/stage154_original_streamsplat_middle_summary.csv",
  "summary_json": "/mnt/hdd2tC/haocheng/Mono-DFCGS/experiments/stage154_original_streamsplat_middle_base_alignment/stage154_original_streamsplat_middle_summary.json",
  "package_json": "/mnt/hdd2tC/haocheng/Mono-DFCGS/experiments/stage154_original_streamsplat_middle_base_alignment/stage154_original_streamsplat_middle_base_alignment_package.json",
  "report_md": "/mnt/hdd2tC/haocheng/Mono-DFCGS/experiments/stage154_original_streamsplat_middle_base_alignment/stage154_original_streamsplat_middle_base_alignment_report.md",
  "heavy_root": "/data/hctang/tmp/opencode/mono_dfcgs_runs/stage154_original_streamsplat_middle_base_alignment",
  "notes": "raw_pred_gs_mib is diagnostic tensor size, not codec rate. Heavy contact sheets are outside git."
}
