{
  "stage": 4,
  "model": "GaussianAnchorDynamicPredictor smoke",
  "batch": 2,
  "gaussians": 1024,
  "hidden_dim": 128,
  "device": "cuda",
  "parameter_count": 102925,
  "times": [
    0.0,
    0.25,
    0.5,
    0.75,
    1.0
  ],
  "mse_to_linear_target": [
    0.08904937654733658,
    0.08878054469823837,
    0.09310952574014664,
    0.08879540860652924,
    0.08908070623874664
  ],
  "mean_mse_to_linear_target": 0.0897631123661995,
  "output_shapes": {
    "0.0": {
      "rgb": [
        2,
        1024,
        3
      ],
      "opacity": [
        2,
        1024,
        1
      ],
      "scale": [
        2,
        1024,
        2
      ],
      "xyz": [
        2,
        1024,
        3
      ],
      "rot": [
        2,
        1024,
        4
      ]
    },
    "0.25": {
      "rgb": [
        2,
        1024,
        3
      ],
      "opacity": [
        2,
        1024,
        1
      ],
      "scale": [
        2,
        1024,
        2
      ],
      "xyz": [
        2,
        1024,
        3
      ],
      "rot": [
        2,
        1024,
        4
      ]
    },
    "0.5": {
      "rgb": [
        2,
        1024,
        3
      ],
      "opacity": [
        2,
        1024,
        1
      ],
      "scale": [
        2,
        1024,
        2
      ],
      "xyz": [
        2,
        1024,
        3
      ],
      "rot": [
        2,
        1024,
        4
      ]
    },
    "0.75": {
      "rgb": [
        2,
        1024,
        3
      ],
      "opacity": [
        2,
        1024,
        1
      ],
      "scale": [
        2,
        1024,
        2
      ],
      "xyz": [
        2,
        1024,
        3
      ],
      "rot": [
        2,
        1024,
        4
      ]
    },
    "1.0": {
      "rgb": [
        2,
        1024,
        3
      ],
      "opacity": [
        2,
        1024,
        1
      ],
      "scale": [
        2,
        1024,
        2
      ],
      "xyz": [
        2,
        1024,
        3
      ],
      "rot": [
        2,
        1024,
        4
      ]
    }
  },
  "q8_payload_mib_for_left_anchor": 0.025390625
}