frame_gap,initial_model_psnr,final_model_psnr,linear_psnr,delta_psnr,margin_over_linear_psnr
2,22.645976203464308,22.67349864905237,22.645976203464308,0.027522445588061828,0.027522445588061828
4,22.0418426521134,22.065700074084212,22.0418426521134,0.02385742197081342,0.02385742197081342
8,21.2065569120507,21.230463662292394,21.2065569120507,0.023906750241692976,0.023906750241692976
16,23.68752018680706,23.755596126401358,23.68752018680706,0.06807593959429781,0.06807593959429781
