step,model_psnr_avg,linear_psnr_avg,margin_over_linear_psnr,best_so_far
0,22.359687957915238,22.359687957915238,0.0,True
96,22.378299586064394,22.359687957915238,0.018611628149155734,True
192,22.387509907452376,22.359687957915238,0.027821949537138124,True
288,22.392827616765334,22.359687957915238,0.03313965885009651,True
384,22.396716910658334,22.359687957915238,0.037028952743096255,True
