source_stage,ceiling,schedule_consistent,rate_scope,mib_per_frame,psnr,ssim,ms_ssim,lpips,delta_psnr_vs_best_fixed_gap2,target_psnr_gap2_plus_1db,delta_psnr_vs_target,passes_target_no_metric_regression,interpretation
193,framewise_psnr_oracle,0,optimistic per-frame best measured schedule output; not schedule-consistent or rate-valid,0.0,29.749038180432017,0.8816605037662493,0.9870865034603846,0.14641779118318626,0.09422285165970834,30.654815328772308,-0.9057771483402917,0,current measured selector/fixed-gap candidate-space ceiling
193,schedule_path_psnr_oracle,1,dynamic-programming path over measured keyframe nodes and measured residual edges; additive payload proxy only,0.4549855560943924,29.670134277041633,0.8788577944949724,0.9867078401912386,0.1508482470754357,0.015318948269325006,30.654815328772308,-0.984681051730675,0,current measured selector/fixed-gap candidate-space ceiling
194,all_q12_keyframes,1,measured_schedule_packed_q12_keyframes_plus_fixed_gap_metadata,0.686173294471943,29.85646819580043,0.8857439302277005,0.9884901848240099,0.13756442577459324,0.20165286702812324,30.654815328772308,-0.7983471329718768,0,q12 keyframe representation ceiling
195,q16_keyframe,1,measured_schedule_packed_q16_keyframes_plus_fixed_gap_metadata,0.9146932160156617,29.884665362865746,0.8868697442192623,0.9886300584386145,0.13601533181894535,0.22985003409343818,30.654815328772308,-0.7701499659065618,0,higher-fidelity dense-anchor/rendering representation ceiling
195,float_dense_anchor,1,quality_upper_bound_no_payload_rate,,29.88493146578025,0.8868824350291219,0.9886313845897806,0.13598978392716465,0.23011613700794342,30.654815328772308,-0.7698838629920566,0,higher-fidelity dense-anchor/rendering representation ceiling
