step,model_psnr_avg,linear_psnr_avg,margin_over_linear_psnr,best_so_far
0,18.43683802603116,18.37495762954318,0.061880396487980015,True
12,18.474157881649337,18.37495762954318,0.09920025210615593,True
24,18.481773239223003,18.37495762954318,0.10681560967982436,True
36,18.47801365543779,18.37495762954318,0.10305602589461167,False
48,18.48140534613068,18.37495762954318,0.10644771658749658,False
