{
  "stage": 185,
  "status": "measured_full_sequence_rd_aggregation_packaged",
  "decision": "adaptive_measured_rate_not_lower_than_gap8",
  "total_rows": [
    {
      "schedule": "uniform_gap8",
      "sequence_count": 30,
      "total_frames": 1999,
      "keyframe_count": 292,
      "residual_count": 1707,
      "keyframe_bitstream_bytes": 210098951.0,
      "keyframe_mib_per_frame": 0.10023310328794158,
      "residual_payload_bytes": 368145084.0,
      "residual_mib_per_frame": 0.1756330721971093,
      "metadata_bytes": 1.0,
      "metadata_mib_per_frame": 4.770756960511505e-10,
      "total_payload_bytes": 578244036.0,
      "total_mib_per_frame": 0.2758661759621266,
      "stage181_proxy_mib_per_frame": 0.3073179395851907,
      "measured_minus_stage181_proxy_mib_per_frame": -0.03145176362306412,
      "delta_total_mib_per_frame_vs_gap8": 0.0,
      "delta_total_mib_per_frame_vs_gap4": -0.05490276848095066,
      "stage180_mean_psnr": 29.206326430809128,
      "stage180_mean_lpips": 0.1766524552471108,
      "rate_scope": "measured_schedule_packed_q12_keyframes_plus_measured_stage158_residual_payloads_plus_exact_metadata"
    },
    {
      "schedule": "stage165_adaptive",
      "sequence_count": 30,
      "total_frames": 1999,
      "keyframe_count": 358,
      "residual_count": 1641,
      "keyframe_bitstream_bytes": 257586133.0,
      "keyframe_mib_per_frame": 0.12288808369409925,
      "residual_payload_bytes": 351840797.0,
      "residual_mib_per_frame": 0.16785469312796658,
      "metadata_bytes": 327.0,
      "metadata_mib_per_frame": 1.5600375260872624e-07,
      "total_payload_bytes": 609427257.0,
      "total_mib_per_frame": 0.2907429328258184,
      "stage181_proxy_mib_per_frame": 0.1916456087572328,
      "measured_minus_stage181_proxy_mib_per_frame": 0.09909732406858562,
      "delta_total_mib_per_frame_vs_gap8": 0.014876756863691831,
      "delta_total_mib_per_frame_vs_gap4": -0.04002601161725883,
      "stage180_mean_psnr": 29.770752551041166,
      "stage180_mean_lpips": 0.1427798855635855,
      "rate_scope": "measured_schedule_packed_q12_keyframes_plus_measured_stage158_residual_payloads_plus_exact_metadata"
    },
    {
      "schedule": "uniform_gap4",
      "sequence_count": 30,
      "total_frames": 1999,
      "keyframe_count": 536,
      "residual_count": 1463,
      "keyframe_bitstream_bytes": 385657561.0,
      "keyframe_mib_per_frame": 0.18398784935146406,
      "residual_payload_bytes": 307668355.0,
      "residual_mib_per_frame": 0.1467810946145375,
      "metadata_bytes": 1.0,
      "metadata_mib_per_frame": 4.770756960511505e-10,
      "total_payload_bytes": 693325917.0,
      "total_mib_per_frame": 0.33076894444307725,
      "stage181_proxy_mib_per_frame": 0.3688664299140155,
      "measured_minus_stage181_proxy_mib_per_frame": -0.038097485470938275,
      "delta_total_mib_per_frame_vs_gap8": 0.05490276848095066,
      "delta_total_mib_per_frame_vs_gap4": 0.0,
      "stage180_mean_psnr": 29.46421682151917,
      "stage180_mean_lpips": 0.16245726098616917,
      "rate_scope": "measured_schedule_packed_q12_keyframes_plus_measured_stage158_residual_payloads_plus_exact_metadata"
    }
  ],
  "component_rows": [
    {
      "schedule": "uniform_gap8",
      "component": "q12_schedule_packed_keyframes",
      "bytes": 210098951.0,
      "mib": 200.36597347259521,
      "mib_per_frame": 0.10023310328794158,
      "fraction_of_total": 0.3633395900688546
    },
    {
      "schedule": "uniform_gap8",
      "component": "stage158_residual_payloads",
      "bytes": 368145084.0,
      "mib": 351.0905113220215,
      "mib_per_frame": 0.1756330721971093,
      "fraction_of_total": 0.6366604082017717
    },
    {
      "schedule": "uniform_gap8",
      "component": "schedule_metadata",
      "bytes": 1.0,
      "mib": 9.5367431640625e-07,
      "mib_per_frame": 4.770756960511505e-10,
      "fraction_of_total": 1.729373651507925e-09
    },
    {
      "schedule": "stage165_adaptive",
      "component": "q12_schedule_packed_keyframes",
      "bytes": 257586133.0,
      "mib": 245.6532793045044,
      "mib_per_frame": 0.12288808369409925,
      "fraction_of_total": 0.4226692029956251
    },
    {
      "schedule": "stage165_adaptive",
      "component": "stage158_residual_payloads",
      "bytes": 351840797.0,
      "mib": 335.5415315628052,
      "mib_per_frame": 0.16785469312796658,
      "fraction_of_total": 0.5773302604350038
    },
    {
      "schedule": "stage165_adaptive",
      "component": "schedule_metadata",
      "bytes": 327.0,
      "mib": 0.00031185150146484375,
      "mib_per_frame": 1.5600375260872624e-07,
      "fraction_of_total": 5.365693710676942e-07
    },
    {
      "schedule": "uniform_gap4",
      "component": "q12_schedule_packed_keyframes",
      "bytes": 385657561.0,
      "mib": 367.79171085357666,
      "mib_per_frame": 0.18398784935146406,
      "fraction_of_total": 0.5562428167530913
    },
    {
      "schedule": "uniform_gap4",
      "component": "stage158_residual_payloads",
      "bytes": 307668355.0,
      "mib": 293.41540813446045,
      "mib_per_frame": 0.1467810946145375,
      "fraction_of_total": 0.44375718180458557
    },
    {
      "schedule": "uniform_gap4",
      "component": "schedule_metadata",
      "bytes": 1.0,
      "mib": 9.5367431640625e-07,
      "mib_per_frame": 4.770756960511505e-10,
      "fraction_of_total": 1.4423231203111077e-09
    }
  ],
  "validation_rows": [
    {
      "item": "uniform_gap8_missing_residual_measurements",
      "expected": 0,
      "actual": 0,
      "status": "ok"
    },
    {
      "item": "uniform_gap8_missing_schedule_keyframe_measurements",
      "expected": 0,
      "actual": 0,
      "status": "ok"
    },
    {
      "item": "stage165_adaptive_missing_residual_measurements",
      "expected": 0,
      "actual": 0,
      "status": "ok"
    },
    {
      "item": "stage165_adaptive_missing_schedule_keyframe_measurements",
      "expected": 0,
      "actual": 0,
      "status": "ok"
    },
    {
      "item": "uniform_gap4_missing_residual_measurements",
      "expected": 0,
      "actual": 0,
      "status": "ok"
    },
    {
      "item": "uniform_gap4_missing_schedule_keyframe_measurements",
      "expected": 0,
      "actual": 0,
      "status": "ok"
    },
    {
      "item": "frame_schedule_rows_covered",
      "expected": 5997,
      "actual": 5997,
      "status": "ok"
    }
  ],
  "total_csv": "/mnt/hdd2tC/haocheng/Mono-DFCGS/experiments/stage185_measured_full_sequence_rd_aggregation/stage185_measured_full_sequence_total_rd.csv",
  "sequence_csv": "/mnt/hdd2tC/haocheng/Mono-DFCGS/experiments/stage185_measured_full_sequence_rd_aggregation/stage185_measured_sequence_rd_breakdown.csv",
  "component_csv": "/mnt/hdd2tC/haocheng/Mono-DFCGS/experiments/stage185_measured_full_sequence_rd_aggregation/stage185_measured_component_breakdown.csv",
  "validation_csv": "/mnt/hdd2tC/haocheng/Mono-DFCGS/experiments/stage185_measured_full_sequence_rd_aggregation/stage185_aggregation_validation.csv",
  "package_json": "/mnt/hdd2tC/haocheng/Mono-DFCGS/experiments/stage185_measured_full_sequence_rd_aggregation/stage185_measured_full_sequence_rd_aggregation_package.json",
  "report_md": "/mnt/hdd2tC/haocheng/Mono-DFCGS/experiments/stage185_measured_full_sequence_rd_aggregation/stage185_measured_full_sequence_rd_aggregation_report.md"
}
