{
  "method": "StreamSplat pretrained fair metrics",
  "sample": "driving",
  "input_video": "/mnt/ssd2tB/haocheng/NeoVerse/examples/videos/driving.mp4",
  "frame_gap": 2,
  "resolution": [
    512,
    288
  ],
  "total_frames": 81,
  "selected_keyframes": [
    0,
    2,
    4,
    6,
    8,
    10,
    12,
    14,
    16,
    18,
    20,
    22,
    24,
    26,
    28,
    30,
    32,
    34,
    36,
    38,
    40,
    42,
    44,
    46,
    48,
    50,
    52,
    54,
    56,
    58,
    60,
    62,
    64,
    66,
    68,
    70,
    72,
    74,
    76,
    78,
    80
  ],
  "keyframe_count": 41,
  "keyframe_ratio": 0.5061728395061729,
  "pair_count": 40,
  "complete": true,
  "all": {
    "count": 81,
    "psnr_avg": 32.778024459768886,
    "psnr_min": 22.258723039284767,
    "ssim_avg": 0.8955454230308533,
    "ssim_min": 0.5826504826545715
  },
  "middle_only": {
    "count": 40,
    "psnr_avg": 28.529482820419226,
    "psnr_min": 22.258723039284767,
    "ssim_avg": 0.8216785192489624,
    "ssim_min": 0.5826504826545715
  },
  "given_keyframes": {
    "count": 41,
    "psnr_avg": 36.92294313230514,
    "psnr_min": 36.56638459715382,
    "ssim_avg": 0.9676105976104736,
    "ssim_min": 0.9665578007698059
  },
  "raw_pred_gs_mib": 247.5,
  "raw_pred_gs_mib_per_frame": 3.0555555555555554,
  "raw_pred_gs_size_note": "Raw StreamSplat predicted dynamic 3DGS tensors for adjacent keyframe pairs; not a codec bitstream.",
  "pred_gs_shapes_last_batch": {
    "rgb": [
      2,
      73728,
      3
    ],
    "opacity": [
      2,
      73728,
      3
    ],
    "scale": [
      2,
      73728,
      2
    ],
    "xyz": [
      2,
      73728,
      2,
      3
    ],
    "rot": [
      2,
      73728,
      2,
      4
    ]
  },
  "heavy_output_dir": "/mnt/hdd2tC/tmp/opencode/mono_dfcgs_runs/stage1_streamsplat_fair_metrics/driving_gap2"
}