{
  "method": "StreamSplat pretrained fair metrics",
  "sample": "meetroom",
  "input_video": "/mnt/hdd2tC/tmp/opencode/gt_reference_videos/meetroom_input_81f_560x336.mp4",
  "frame_gap": 8,
  "resolution": [
    512,
    288
  ],
  "total_frames": 81,
  "selected_keyframes": [
    0,
    8,
    16,
    24,
    32,
    40,
    48,
    56,
    64,
    72,
    80
  ],
  "keyframe_count": 11,
  "keyframe_ratio": 0.13580246913580246,
  "pair_count": 10,
  "complete": true,
  "all": {
    "count": 81,
    "psnr_avg": 29.688134084369025,
    "psnr_min": 25.09562344341269,
    "ssim_avg": 0.9497024416923523,
    "ssim_min": 0.9178207516670227
  },
  "middle_only": {
    "count": 70,
    "psnr_avg": 28.687150691679037,
    "psnr_min": 25.09562344341269,
    "ssim_avg": 0.9446645379066467,
    "ssim_min": 0.9178207516670227
  },
  "given_keyframes": {
    "count": 11,
    "psnr_avg": 36.05802840148719,
    "psnr_min": 35.879989454095174,
    "ssim_avg": 0.981762170791626,
    "ssim_min": 0.9811378121376038
  },
  "raw_pred_gs_mib": 61.875,
  "raw_pred_gs_mib_per_frame": 0.7638888888888888,
  "raw_pred_gs_size_note": "Raw StreamSplat predicted dynamic 3DGS tensors for adjacent keyframe pairs; not a codec bitstream.",
  "pred_gs_shapes_last_batch": {
    "rgb": [
      2,
      73728,
      3
    ],
    "opacity": [
      2,
      73728,
      3
    ],
    "scale": [
      2,
      73728,
      2
    ],
    "xyz": [
      2,
      73728,
      2,
      3
    ],
    "rot": [
      2,
      73728,
      2,
      4
    ]
  },
  "heavy_output_dir": "/mnt/hdd2tC/tmp/opencode/mono_dfcgs_runs/stage1_streamsplat_fair_metrics/meetroom_gap8"
}