{
  "method": "StreamSplat pretrained fair metrics",
  "sample": "meetroom",
  "input_video": "/mnt/hdd2tC/tmp/opencode/gt_reference_videos/meetroom_input_81f_560x336.mp4",
  "frame_gap": 2,
  "resolution": [
    512,
    288
  ],
  "total_frames": 81,
  "selected_keyframes": [
    0,
    2,
    4,
    6,
    8,
    10,
    12,
    14,
    16,
    18,
    20,
    22,
    24,
    26,
    28,
    30,
    32,
    34,
    36,
    38,
    40,
    42,
    44,
    46,
    48,
    50,
    52,
    54,
    56,
    58,
    60,
    62,
    64,
    66,
    68,
    70,
    72,
    74,
    76,
    78,
    80
  ],
  "keyframe_count": 41,
  "keyframe_ratio": 0.5061728395061729,
  "pair_count": 40,
  "complete": true,
  "all": {
    "count": 81,
    "psnr_avg": 34.66535791745963,
    "psnr_min": 30.650270134665313,
    "ssim_avg": 0.9765530824661255,
    "ssim_min": 0.9613397717475891
  },
  "middle_only": {
    "count": 40,
    "psnr_avg": 33.18279796157019,
    "psnr_min": 30.650270134665313,
    "ssim_avg": 0.9709575772285461,
    "ssim_min": 0.9613397717475891
  },
  "given_keyframes": {
    "count": 41,
    "psnr_avg": 36.11175787442493,
    "psnr_min": 35.865700641501256,
    "ssim_avg": 0.9820120334625244,
    "ssim_min": 0.9812476634979248
  },
  "raw_pred_gs_mib": 247.5,
  "raw_pred_gs_mib_per_frame": 3.0555555555555554,
  "raw_pred_gs_size_note": "Raw StreamSplat predicted dynamic 3DGS tensors for adjacent keyframe pairs; not a codec bitstream.",
  "pred_gs_shapes_last_batch": {
    "rgb": [
      2,
      73728,
      3
    ],
    "opacity": [
      2,
      73728,
      3
    ],
    "scale": [
      2,
      73728,
      2
    ],
    "xyz": [
      2,
      73728,
      2,
      3
    ],
    "rot": [
      2,
      73728,
      2,
      4
    ]
  },
  "heavy_output_dir": "/mnt/hdd2tC/tmp/opencode/mono_dfcgs_runs/stage1_streamsplat_fair_metrics/meetroom_gap2"
}