{
  "method": "StreamSplat pretrained fair metrics",
  "sample": "meetroom",
  "input_video": "/mnt/hdd2tC/tmp/opencode/gt_reference_videos/meetroom_input_81f_560x336.mp4",
  "frame_gap": 4,
  "resolution": [
    512,
    288
  ],
  "total_frames": 81,
  "selected_keyframes": [
    0,
    4,
    8,
    12,
    16,
    20,
    24,
    28,
    32,
    36,
    40,
    44,
    48,
    52,
    56,
    60,
    64,
    68,
    72,
    76,
    80
  ],
  "keyframe_count": 21,
  "keyframe_ratio": 0.25925925925925924,
  "pair_count": 20,
  "complete": true,
  "all": {
    "count": 81,
    "psnr_avg": 32.426306907565184,
    "psnr_min": 27.978158618861848,
    "ssim_avg": 0.9657658934593201,
    "ssim_min": 0.9434563517570496
  },
  "middle_only": {
    "count": 60,
    "psnr_avg": 31.16402283676168,
    "psnr_min": 27.978158618861848,
    "ssim_avg": 0.9601770639419556,
    "ssim_min": 0.9434563517570496
  },
  "given_keyframes": {
    "count": 21,
    "psnr_avg": 36.03283282414661,
    "psnr_min": 35.855875319801385,
    "ssim_avg": 0.9817337989807129,
    "ssim_min": 0.9811728596687317
  },
  "raw_pred_gs_mib": 123.75,
  "raw_pred_gs_mib_per_frame": 1.5277777777777777,
  "raw_pred_gs_size_note": "Raw StreamSplat predicted dynamic 3DGS tensors for adjacent keyframe pairs; not a codec bitstream.",
  "pred_gs_shapes_last_batch": {
    "rgb": [
      2,
      73728,
      3
    ],
    "opacity": [
      2,
      73728,
      3
    ],
    "scale": [
      2,
      73728,
      2
    ],
    "xyz": [
      2,
      73728,
      2,
      3
    ],
    "rot": [
      2,
      73728,
      2,
      4
    ]
  },
  "heavy_output_dir": "/mnt/hdd2tC/tmp/opencode/mono_dfcgs_runs/stage1_streamsplat_fair_metrics/meetroom_gap4"
}