{
  "method": "StreamSplat pretrained fair metrics",
  "sample": "n3dv",
  "input_video": "/mnt/hdd2tC/tmp/opencode/gt_reference_videos/n3dv_input_81f_560x336.mp4",
  "frame_gap": 4,
  "resolution": [
    512,
    288
  ],
  "total_frames": 81,
  "selected_keyframes": [
    0,
    4,
    8,
    12,
    16,
    20,
    24,
    28,
    32,
    36,
    40,
    44,
    48,
    52,
    56,
    60,
    64,
    68,
    72,
    76,
    80
  ],
  "keyframe_count": 21,
  "keyframe_ratio": 0.25925925925925924,
  "pair_count": 20,
  "complete": true,
  "all": {
    "count": 81,
    "psnr_avg": 33.396097125883884,
    "psnr_min": 29.600622522397334,
    "ssim_avg": 0.9628844857215881,
    "ssim_min": 0.9317829608917236
  },
  "middle_only": {
    "count": 60,
    "psnr_avg": 33.05214751501394,
    "psnr_min": 29.600622522397334,
    "ssim_avg": 0.9606038331985474,
    "ssim_min": 0.9317829608917236
  },
  "given_keyframes": {
    "count": 21,
    "psnr_avg": 34.37881029979802,
    "psnr_min": 34.31213973283767,
    "ssim_avg": 0.9694005846977234,
    "ssim_min": 0.9691339135169983
  },
  "raw_pred_gs_mib": 123.75,
  "raw_pred_gs_mib_per_frame": 1.5277777777777777,
  "raw_pred_gs_size_note": "Raw StreamSplat predicted dynamic 3DGS tensors for adjacent keyframe pairs; not a codec bitstream.",
  "pred_gs_shapes_last_batch": {
    "rgb": [
      2,
      73728,
      3
    ],
    "opacity": [
      2,
      73728,
      3
    ],
    "scale": [
      2,
      73728,
      2
    ],
    "xyz": [
      2,
      73728,
      2,
      3
    ],
    "rot": [
      2,
      73728,
      2,
      4
    ]
  },
  "heavy_output_dir": "/mnt/hdd2tC/tmp/opencode/mono_dfcgs_runs/stage1_streamsplat_fair_metrics/n3dv_gap4"
}