setting_label,keep_fraction,side_bits,group_count,task_row_count,mean_keep_gaussians,mean_compressed_payload_bytes,mean_compressed_mib_per_intermediate_frame,mean_direct_total_mib_per_frame,mean_amortized_total_mib_per_frame,mean_base_psnr,mean_setting_psnr,mean_delta_psnr_vs_base,positive_delta_vs_base_count,mean_delta_psnr_vs_q6_top10,near_q6_within_0p10db_count,max_decoded_max_abs_diff_vs_raw_deterministic
q6_top10,0.1,6,6,120,3686.0,29442.208333333332,0.028078277905782063,0.1348375550108561,0.13095624756787308,18.484019740725135,19.766968650683353,1.2829489099582205,120,0.0,120,0.0
q5_top10,0.1,5,6,120,3686.0,24809.95,0.023660612106323243,0.13041988921139727,0.127149533351005,18.484019740725135,19.761047533309117,1.2770277925839815,120,-0.005921117374238853,120,0.0
q4_top10,0.1,4,6,120,3686.0,15190.475,0.01448676586151123,0.12124604296658527,0.11924717736218463,18.484019740725135,19.73848817438193,1.2544684336567946,120,-0.028480476301425663,114,0.0
q4_top20,0.2,4,6,120,7373.0,28320.791666666668,0.027008811632792156,0.1337680887378662,0.13005386354500142,18.484019740725135,20.689270746602087,2.2052510058769683,120,0.9223020959187475,120,0.0
