sample,mean_delta_all_psnr,mean_delta_middle_psnr,min_delta_all_psnr,min_delta_middle_psnr
driving,0.08352391673319559,0.12321783919904483,0.0465389497943427,0.05026206577788983
meetroom,0.08321870692386568,0.11864301430132773,0.060858978680400355,0.06572769697483949
n3dv,0.1592318809129889,0.21560375144838417,0.12101240598846985,0.17531502713124425
robot,0.02385336907706037,0.036956283378444255,0.0032667066510931875,0.003542766368092032
