{
  "stage": 159,
  "mode": "stage158 subjective examples",
  "policy": "streamsplat_guided_half_anchor_entropy_residual_v1",
  "task_ids": [
    "stage79_00023460",
    "stage79_00025922",
    "stage79_00030917"
  ],
  "rows": [
    {
      "sequence": "car-shadow",
      "task_id": "stage79_00023460",
      "left_index": 8,
      "target_index": 10,
      "right_index": 12,
      "normalized_time": 0.5,
      "key_left_psnr": 29.78705134141709,
      "key_left_ssim": 0.9288783669471741,
      "key_right_psnr": 29.81446684241538,
      "key_right_ssim": 0.9232191443443298,
      "key_avg_psnr": 29.800759091916234,
      "key_avg_ssim": 0.926048755645752,
      "selected_half": "right",
      "middle_psnr": 29.405388121541595,
      "middle_ssim": 0.9021029472351074,
      "middle_ms_ssim": 0.9866170287132263,
      "middle_lpips": 0.1530119925737381,
      "original_middle_psnr": 22.209852225386058,
      "original_middle_ssim": 0.678023636341095,
      "original_middle_ms_ssim": 0.8946012854576111,
      "original_middle_lpips": 0.2650197148323059,
      "delta_psnr_vs_original": 7.195535896155537,
      "delta_ssim_vs_original": 0.22407931089401245,
      "delta_ms_ssim_vs_original": 0.09201574325561523,
      "delta_lpips_vs_original": -0.11200772225856781,
      "payload_bytes": 220697,
      "selector_payload_bytes": 1,
      "side_mib_per_intermediate": 0.21047306060791016,
      "direct_total_mib_per_frame_ref": 0.39241128137582326,
      "stage157_expected_psnr": 29.405388121541595,
      "stage157_expected_lpips": 0.1530119925737381,
      "video_path": "/data/hctang/tmp/opencode/mono_dfcgs_runs/stage159_stage158_subjective_examples/stage159_gap4_stage158_subjective_examples.mp4",
      "contact_sheet_path": "/data/hctang/tmp/opencode/mono_dfcgs_runs/stage159_stage158_subjective_examples/stage159_gap4_stage158_subjective_examples_contact_sheet.jpg"
    },
    {
      "sequence": "goat",
      "task_id": "stage79_00025922",
      "left_index": 44,
      "target_index": 46,
      "right_index": 48,
      "normalized_time": 0.5,
      "key_left_psnr": 27.690691012375748,
      "key_left_ssim": 0.8849993348121643,
      "key_right_psnr": 27.78115688563866,
      "key_right_ssim": 0.8869554400444031,
      "key_avg_psnr": 27.7359239490072,
      "key_avg_ssim": 0.8859773874282837,
      "selected_half": "left",
      "middle_psnr": 27.28725091241753,
      "middle_ssim": 0.8589133620262146,
      "middle_ms_ssim": 0.9870498776435852,
      "middle_lpips": 0.1750091165304184,
      "original_middle_psnr": 18.115857486803144,
      "original_middle_ssim": 0.23181231319904327,
      "original_middle_ms_ssim": 0.572296142578125,
      "original_middle_lpips": 0.41813331842422485,
      "delta_psnr_vs_original": 9.171393425614387,
      "delta_ssim_vs_original": 0.6271010488271713,
      "delta_ms_ssim_vs_original": 0.4147537350654602,
      "delta_lpips_vs_original": -0.24312420189380646,
      "payload_bytes": 251693,
      "selector_payload_bytes": 1,
      "side_mib_per_intermediate": 0.24003314971923828,
      "direct_total_mib_per_frame_ref": 0.4219713704871514,
      "stage157_expected_psnr": 27.28725091241753,
      "stage157_expected_lpips": 0.1750091165304184,
      "video_path": "/data/hctang/tmp/opencode/mono_dfcgs_runs/stage159_stage158_subjective_examples/stage159_gap4_stage158_subjective_examples.mp4",
      "contact_sheet_path": "/data/hctang/tmp/opencode/mono_dfcgs_runs/stage159_stage158_subjective_examples/stage159_gap4_stage158_subjective_examples_contact_sheet.jpg"
    },
    {
      "sequence": "soapbox",
      "task_id": "stage79_00030917",
      "left_index": 76,
      "target_index": 78,
      "right_index": 80,
      "normalized_time": 0.5,
      "key_left_psnr": 32.031227083774695,
      "key_left_ssim": 0.9421472549438477,
      "key_right_psnr": 31.739017053195955,
      "key_right_ssim": 0.9418113827705383,
      "key_avg_psnr": 31.885122068485323,
      "key_avg_ssim": 0.941979318857193,
      "selected_half": "right",
      "middle_psnr": 30.961850197233606,
      "middle_ssim": 0.90828537940979,
      "middle_ms_ssim": 0.9884055852890015,
      "middle_lpips": 0.14360126852989197,
      "original_middle_psnr": 21.17437912110509,
      "original_middle_ssim": 0.6108488440513611,
      "original_middle_ms_ssim": 0.823716938495636,
      "original_middle_lpips": 0.3202863037586212,
      "delta_psnr_vs_original": 9.787471076128515,
      "delta_ssim_vs_original": 0.29743653535842896,
      "delta_ms_ssim_vs_original": 0.16468864679336548,
      "delta_lpips_vs_original": -0.17668503522872925,
      "payload_bytes": 246995,
      "selector_payload_bytes": 1,
      "side_mib_per_intermediate": 0.23555278778076172,
      "direct_total_mib_per_frame_ref": 0.4174910085486748,
      "stage157_expected_psnr": 30.961850197233606,
      "stage157_expected_lpips": 0.14360126852989197,
      "video_path": "/data/hctang/tmp/opencode/mono_dfcgs_runs/stage159_stage158_subjective_examples/stage159_gap4_stage158_subjective_examples.mp4",
      "contact_sheet_path": "/data/hctang/tmp/opencode/mono_dfcgs_runs/stage159_stage158_subjective_examples/stage159_gap4_stage158_subjective_examples_contact_sheet.jpg"
    }
  ],
  "rows_csv": "/mnt/hdd2tC/haocheng/Mono-DFCGS/experiments/stage159_stage158_subjective_examples/stage159_stage158_subjective_examples_rows.csv",
  "summary_json": "/mnt/hdd2tC/haocheng/Mono-DFCGS/experiments/stage159_stage158_subjective_examples/stage159_stage158_subjective_examples_summary.json",
  "package_json": "/mnt/hdd2tC/haocheng/Mono-DFCGS/experiments/stage159_stage158_subjective_examples/stage159_stage158_subjective_examples_package.json",
  "report_md": "/mnt/hdd2tC/haocheng/Mono-DFCGS/experiments/stage159_stage158_subjective_examples/stage159_stage158_subjective_examples_report.md",
  "video_path": "/data/hctang/tmp/opencode/mono_dfcgs_runs/stage159_stage158_subjective_examples/stage159_gap4_stage158_subjective_examples.mp4",
  "contact_sheet_path": "/data/hctang/tmp/opencode/mono_dfcgs_runs/stage159_stage158_subjective_examples/stage159_gap4_stage158_subjective_examples_contact_sheet.jpg",
  "video_file_bytes": 518852,
  "contact_sheet_file_bytes": 1091636,
  "heavy_root": "/data/hctang/tmp/opencode/mono_dfcgs_runs/stage159_stage158_subjective_examples",
  "lpips_available": true,
  "lpips_error": null,
  "ms_ssim_available": true,
  "ms_ssim_error": null
}
