step,model_psnr_avg,linear_psnr_avg,margin_over_linear_psnr,best_so_far
0,22.359687957915238,22.359687957915238,0.0,True
96,22.379008893685157,22.359687957915238,0.01932093576991889,True
192,22.38864266269475,22.359687957915238,0.028954704779511786,True
288,22.393851095243207,22.359687957915238,0.03416313732796894,True
384,22.39735394738965,22.359687957915238,0.03766598947441224,True
