frame_gap,initial_model_psnr,final_model_psnr,linear_psnr,delta_psnr,margin_over_linear_psnr
2,22.645976203464308,22.67406446116147,22.645976203464308,0.0280882576971635,0.0280882576971635
4,22.0418426521134,22.06618237686032,22.0418426521134,0.0243397247469197,0.0243397247469197
8,21.2065569120507,21.23107863435233,21.2065569120507,0.0245217223016283,0.0245217223016283
16,23.68752018680706,23.756445574070376,23.68752018680706,0.06892538726331665,0.06892538726331665
