heldout_fold,model,feature_count,train_rows,eval_rows,pearson_log,spearman_log,rmse_log,pearson_cost
driving,length_only_ridge,1,5828,1984,0.9077902068989939,0.989720327238339,0.49236610749417725,0.915799105951025
driving,full_feature_ridge,17,5828,1984,0.9533763541965193,0.9820209157992446,1.538212462701852,0.7691172517622008
meetroom,length_only_ridge,1,5828,1984,0.9052689449439562,0.9900150548370009,0.27755951764524434,0.9159853987410811
meetroom,full_feature_ridge,17,5828,1984,0.924792425153703,0.9803012906569413,1.1961997428836078,0.8909175137169681
n3dv,length_only_ridge,1,5828,1984,0.8837889853554611,0.978034469454981,1.0152720329878608,0.9057962566716188
n3dv,full_feature_ridge,17,5828,1984,0.8988730789073937,0.9843223362668158,0.4210671086362759,0.938952241825634
robot,length_only_ridge,1,5952,1860,0.8781241453666075,0.966563141398571,0.7434736514575749,0.8800013214396364
robot,full_feature_ridge,17,5952,1860,0.0626775317026074,0.14706310033004102,2.10103731973381,0.19128289118889527
