reference_gap,target_middle_psnr,base_method,codec,task_count,keep_fraction,side_bits,mean_base_psnr,mean_entropy_psnr,mean_delta_psnr_vs_base,base_gap_to_target,entropy_gap_to_target,positive_delta_count,positive_delta_fraction,max_decoded_max_abs_diff_vs_fixed,mean_entropy_payload_bytes,mean_entropy_mib_per_intermediate_frame,q12_main_anchor_mib_per_frame,uniform_intermediate_frame_ratio,mean_direct_total_mib_per_frame,mean_amortized_total_mib_per_frame,decision
4,23.004337221027775,linear,q12,1463,0.1,6,19.983964182290645,23.104893423851635,3.120929241560934,-3.02037303873713,0.10055620282386002,1463,1.0,0.0,30062.867395762132,0.028670184512865193,0.18193822076791313,0.75,0.21060840528077832,0.20344085915256202,passes_full_eval_validation
8,21.56004909948801,linear,q12,1707,0.1,6,18.76642882721105,22.020188948523128,3.253760121312108,-2.793620272276957,0.4601398490351194,1707,1.0,0.0,30203.919156414762,0.028804701954283488,0.09762538675351436,0.875,0.12643008870779784,0.12282950096351242,passes_full_eval_validation
