step,task_id,task_split,sequence,codec,reference_gap,left_index,right_index,target_index,normalized_time,model_mse,model_psnr,linear_mse,linear_psnr,margin_over_linear_psnr
6,stage79_00024107,eval,dance-twirl,q10,4,36,40,39,0.75,0.01570018380880356,18.040952630887393,0.015700675547122955,18.04081660961724,0.00013602127015133192
6,stage79_00029177,eval,paragliding-launch,q12,8,24,32,26,0.25,0.005800713784992695,22.36518562676665,0.005801428109407425,22.364650851110873,0.0005347756557760874
6,stage79_00029484,eval,parkour,q10,16,16,32,28,0.75,0.022807950153946877,16.419137448344028,0.022811686620116234,16.41842603249,0.0007114158540275639
6,stage79_00029583,eval,parkour,q12,4,44,48,45,0.25,0.018695712089538574,17.2825798861794,0.018696997314691544,17.282281343388007,0.0002985427913912986
6,stage79_00022104,eval,breakdance,q10,4,0,4,1,0.25,0.009772404097020626,20.09998582889996,0.00977290328592062,20.09976399050111,0.00022183839885059342
6,stage79_00028712,eval,motocross-jump,q10,4,20,24,22,0.5,0.06593210995197296,11.809030257907054,0.06593864411115646,11.808599874491147,0.0004303834159067321
