step,model_psnr_avg,linear_psnr_avg,margin_over_linear_psnr,best_so_far
0,17.669089783599734,17.669089783599734,0.0,True
3,17.669267634797688,17.669089783599734,0.00017785119796087656,True
6,17.669478613164078,17.669089783599734,0.00038882956435060123,True
