step,task_id,task_split,sequence,codec,reference_gap,left_index,right_index,target_index,normalized_time,model_mse,model_psnr,linear_mse,linear_psnr,margin_over_linear_psnr
-1,stage79_00024107,eval,dance-twirl,q10,4,36,40,39,0.75,0.013605193234980106,18.662952855424667,0.015700675547122955,18.04081660961724,0.6221362458074253
-1,stage79_00029177,eval,paragliding-launch,q12,8,24,32,26,0.25,0.005199451930820942,22.84042432512246,0.005801428109407425,22.364650851110873,0.47577347401158576
-1,stage79_00029484,eval,parkour,q10,16,16,32,28,0.75,0.02096983604133129,16.78404965177167,0.022811686620116234,16.41842603249,0.36562361928167064
-1,stage79_00029583,eval,parkour,q12,4,44,48,45,0.25,0.01668204367160797,17.777507462082347,0.018696997314691544,17.282281343388007,0.4952261186943403
-1,stage79_00022104,eval,breakdance,q10,4,0,4,1,0.25,0.012769479304552078,18.938268114108393,0.00977290328592062,20.09976399050111,-1.161495876392717
-1,stage79_00028712,eval,motocross-jump,q10,4,20,24,22,0.5,0.0636008232831955,11.965372625743111,0.06593864411115646,11.808599874491147,0.15677275125196388
