{
  "stage": 153,
  "mode": "middle multi-metric bad-case evaluation",
  "policy_under_test": "stage151_recovered_linear_base_sideinfo",
  "task_count": 120,
  "summary_rows": [
    {
      "gap": 4,
      "method": "linear_base",
      "task_count": 60,
      "mean_psnr": 19.77900530163776,
      "min_psnr": 11.60717265372956,
      "p10_psnr": 14.861659071195339,
      "mean_ssim": 0.4726536904772123,
      "min_ssim": 0.11768173426389694,
      "p10_ssim": 0.23400645852088928,
      "mean_ms_ssim": 0.6174249157309533,
      "min_ms_ssim": 0.1721266806125641,
      "p10_ms_ssim": 0.2573122143745422,
      "mean_lpips": 0.36224671031037964,
      "max_lpips": 0.6092202663421631,
      "p90_lpips": 0.511952155828476,
      "mean_payload_bytes": 0.0
    },
    {
      "gap": 4,
      "method": "stage151_recovered_linear_base_sideinfo",
      "task_count": 60,
      "mean_psnr": 22.895456117767825,
      "min_psnr": 14.469213815925698,
      "p10_psnr": 17.6536168157772,
      "mean_ssim": 0.6020039414366086,
      "min_ssim": 0.3272343873977661,
      "p10_ssim": 0.4023492157459259,
      "mean_ms_ssim": 0.7726786529024442,
      "min_ms_ssim": 0.4433879852294922,
      "p10_ms_ssim": 0.5280581414699554,
      "mean_lpips": 0.3475280572970708,
      "max_lpips": 0.5703761577606201,
      "p90_lpips": 0.5083782434463501,
      "mean_payload_bytes": 29908.516666666666
    },
    {
      "gap": 8,
      "method": "linear_base",
      "task_count": 60,
      "mean_psnr": 18.526649919631087,
      "min_psnr": 11.155775919564208,
      "p10_psnr": 14.04183779315019,
      "mean_ssim": 0.43580265579124294,
      "min_ssim": 0.09589006751775742,
      "p10_ssim": 0.248491869866848,
      "mean_ms_ssim": 0.5489159627507131,
      "min_ms_ssim": 0.12395522743463516,
      "p10_ms_ssim": 0.2043580085039139,
      "mean_lpips": 0.4003311740855376,
      "max_lpips": 0.6475121974945068,
      "p90_lpips": 0.5667300224304199,
      "mean_payload_bytes": 0.0
    },
    {
      "gap": 8,
      "method": "stage151_recovered_linear_base_sideinfo",
      "task_count": 60,
      "mean_psnr": 21.809851951566433,
      "min_psnr": 14.017364407778736,
      "p10_psnr": 17.0729545199017,
      "mean_ssim": 0.5636065999666849,
      "min_ssim": 0.3038075864315033,
      "p10_ssim": 0.38364993333816527,
      "mean_ms_ssim": 0.7226341560482978,
      "min_ms_ssim": 0.3823663890361786,
      "p10_ms_ssim": 0.4679470002651215,
      "mean_lpips": 0.38423423618078234,
      "max_lpips": 0.6126717329025269,
      "p90_lpips": 0.5388027191162109,
      "mean_payload_bytes": 30091.616666666665
    }
  ],
  "lpips_available": true,
  "lpips_error": null,
  "ms_ssim_available": true,
  "ms_ssim_error": null,
  "badcase_contact_sheets": {
    "highest_recovered_lpips": "/data/hctang/tmp/opencode/mono_dfcgs_runs/stage153_middle_multimetric_badcase_eval/stage153_badcases_highest_recovered_lpips.jpg",
    "lowest_recovered_ssim": "/data/hctang/tmp/opencode/mono_dfcgs_runs/stage153_middle_multimetric_badcase_eval/stage153_badcases_lowest_recovered_ssim.jpg",
    "lowest_recovered_psnr": "/data/hctang/tmp/opencode/mono_dfcgs_runs/stage153_middle_multimetric_badcase_eval/stage153_badcases_lowest_recovered_psnr.jpg",
    "largest_lpips_regression": "/data/hctang/tmp/opencode/mono_dfcgs_runs/stage153_middle_multimetric_badcase_eval/stage153_badcases_largest_lpips_regression.jpg"
  },
  "rows_csv": "/mnt/hdd2tC/haocheng/Mono-DFCGS/experiments/stage153_middle_multimetric_badcase_eval/stage153_middle_multimetric_rows.csv",
  "pair_rows_csv": "/mnt/hdd2tC/haocheng/Mono-DFCGS/experiments/stage153_middle_multimetric_badcase_eval/stage153_middle_multimetric_pair_rows.csv",
  "badcases_csv": "/mnt/hdd2tC/haocheng/Mono-DFCGS/experiments/stage153_middle_multimetric_badcase_eval/stage153_middle_multimetric_badcases.csv",
  "summary_csv": "/mnt/hdd2tC/haocheng/Mono-DFCGS/experiments/stage153_middle_multimetric_badcase_eval/stage153_middle_multimetric_summary.csv",
  "summary_json": "/mnt/hdd2tC/haocheng/Mono-DFCGS/experiments/stage153_middle_multimetric_badcase_eval/stage153_middle_multimetric_summary.json",
  "package_json": "/mnt/hdd2tC/haocheng/Mono-DFCGS/experiments/stage153_middle_multimetric_badcase_eval/stage153_middle_multimetric_badcase_eval_package.json",
  "report_md": "/mnt/hdd2tC/haocheng/Mono-DFCGS/experiments/stage153_middle_multimetric_badcase_eval/stage153_middle_multimetric_badcase_eval_report.md",
  "heavy_root": "/data/hctang/tmp/opencode/mono_dfcgs_runs/stage153_middle_multimetric_badcase_eval",
  "notes": "Contact sheets are stored outside git. Target dense anchors are used encoder-side only to produce the rate-counted residual payload and diagnostics."
}
