gap,method,task_count,mean_psnr,min_psnr,p10_psnr,mean_ssim,min_ssim,p10_ssim,mean_ms_ssim,min_ms_ssim,p10_ms_ssim,mean_lpips,max_lpips,p90_lpips,mean_payload_bytes
4,linear_base,60,19.77900530163776,11.60717265372956,14.861659071195339,0.4726536904772123,0.11768173426389694,0.23400645852088928,0.6174249157309533,0.1721266806125641,0.2573122143745422,0.36224671031037964,0.6092202663421631,0.511952155828476,0.0
4,stage151_recovered_linear_base_sideinfo,60,22.895456117767825,14.469213815925698,17.6536168157772,0.6020039414366086,0.3272343873977661,0.4023492157459259,0.7726786529024442,0.4433879852294922,0.5280581414699554,0.3475280572970708,0.5703761577606201,0.5083782434463501,29908.516666666666
8,linear_base,60,18.526649919631087,11.155775919564208,14.04183779315019,0.43580265579124294,0.09589006751775742,0.248491869866848,0.5489159627507131,0.12395522743463516,0.2043580085039139,0.4003311740855376,0.6475121974945068,0.5667300224304199,0.0
8,stage151_recovered_linear_base_sideinfo,60,21.809851951566433,14.017364407778736,17.0729545199017,0.5636065999666849,0.3038075864315033,0.38364993333816527,0.7226341560482978,0.3823663890361786,0.4679470002651215,0.38423423618078234,0.6126717329025269,0.5388027191162109,30091.616666666665
