{
  "stage": 189,
  "status": "failure_case_analysis_packaged",
  "decision": "failure_cases_identified_for_paper_and_next_selector_refinement",
  "promotion_count": 66,
  "false_positive_risk_count": 2,
  "residual_risk_count": 1179,
  "candidate_count": 3,
  "top_false_positive_risks": [
    {
      "sequence": "horsejump-high",
      "frame_index": 15,
      "cell_id": "horsejump-high:00008:00016",
      "selector_score": 3.6201680672268908,
      "vote_count": 3.0,
      "hard_quality_label": 0,
      "high_payload_label": 0,
      "gap8_psnr": 28.12031780235418,
      "adaptive_psnr": 28.29748915560141,
      "delta_psnr_adaptive_vs_gap8": 0.17717135324723188,
      "gap8_ssim": 0.8790807723999023,
      "adaptive_ssim": 0.8937705159187317,
      "delta_ssim_adaptive_vs_gap8": 0.014689743518829346,
      "gap8_ms_ssim": 0.9840156435966492,
      "adaptive_ms_ssim": 0.9895212650299072,
      "delta_ms_ssim_adaptive_vs_gap8": 0.005505621433258057,
      "gap8_lpips": 0.15920446813106537,
      "adaptive_lpips": 0.13833294808864594,
      "delta_lpips_adaptive_vs_gap8": -0.020871520042419434,
      "gap8_residual_payload_bytes": 213190,
      "adaptive_keyframe_bitstream_bytes": 719653,
      "local_payload_delta_bytes": 506463,
      "false_positive_risk_flag": 1,
      "false_positive_reason": "small_unlabeled_gain large_local_payload_delta"
    },
    {
      "sequence": "drift-chicane",
      "frame_index": 6,
      "cell_id": "drift-chicane:00000:00008",
      "selector_score": 1.1966386554621848,
      "vote_count": 1.0,
      "hard_quality_label": 0,
      "high_payload_label": 0,
      "gap8_psnr": 30.26069492881328,
      "adaptive_psnr": 30.426745929572135,
      "delta_psnr_adaptive_vs_gap8": 0.1660510007588556,
      "gap8_ssim": 0.8867523074150085,
      "adaptive_ssim": 0.8949971199035645,
      "delta_ssim_adaptive_vs_gap8": 0.008244812488555908,
      "gap8_ms_ssim": 0.9868937730789185,
      "adaptive_ms_ssim": 0.9898756742477417,
      "delta_ms_ssim_adaptive_vs_gap8": 0.002981901168823242,
      "gap8_lpips": 0.18118079006671906,
      "adaptive_lpips": 0.15662918984889984,
      "delta_lpips_adaptive_vs_gap8": -0.024551600217819214,
      "gap8_residual_payload_bytes": 124846,
      "adaptive_keyframe_bitstream_bytes": 719639,
      "local_payload_delta_bytes": 594793,
      "false_positive_risk_flag": 1,
      "false_positive_reason": "small_unlabeled_gain large_local_payload_delta"
    }
  ],
  "top_residual_risks": [
    {
      "sequence": "motocross-jump",
      "frame_index": 28,
      "adaptive_psnr": 30.652790746708266,
      "adaptive_ssim": 0.7814261317253113,
      "adaptive_ms_ssim": 0.9550372362136841,
      "adaptive_lpips": 0.3900201618671417,
      "adaptive_payload_bytes": 234163,
      "gap8_psnr": 30.652790746708266,
      "gap8_lpips": 0.3900201618671417,
      "gap4_psnr": 35.19256815427076,
      "gap4_lpips": 0.08759275078773499,
      "delta_psnr_gap4_vs_adaptive": 4.539777407562493,
      "delta_lpips_gap4_vs_adaptive": -0.30242741107940674,
      "low_psnr_flag": 0,
      "high_lpips_flag": 1,
      "high_payload_flag": 1,
      "risk_score": 3.6836632373428344
    },
    {
      "sequence": "india",
      "frame_index": 36,
      "adaptive_psnr": 31.894847864230428,
      "adaptive_ssim": 0.7984851002693176,
      "adaptive_ms_ssim": 0.9615222811698914,
      "adaptive_lpips": 0.3636569380760193,
      "adaptive_payload_bytes": 247423,
      "gap8_psnr": 31.894847864230428,
      "gap8_lpips": 0.3636569380760193,
      "gap4_psnr": 38.75012772478594,
      "gap4_lpips": 0.06957460194826126,
      "delta_psnr_gap4_vs_adaptive": 6.8552798605555125,
      "delta_lpips_gap4_vs_adaptive": -0.294082336127758,
      "low_psnr_flag": 0,
      "high_lpips_flag": 1,
      "high_payload_flag": 1,
      "risk_score": 3.421598761520386
    },
    {
      "sequence": "motocross-jump",
      "frame_index": 11,
      "adaptive_psnr": 29.957049043297424,
      "adaptive_ssim": 0.745908260345459,
      "adaptive_ms_ssim": 0.9613288044929504,
      "adaptive_lpips": 0.3424365222454071,
      "adaptive_payload_bytes": 251962,
      "gap8_psnr": 31.093844153032897,
      "gap8_lpips": 0.3180253207683563,
      "gap4_psnr": 32.04508293647096,
      "gap4_lpips": 0.261177122592926,
      "delta_psnr_gap4_vs_adaptive": 2.088033893173538,
      "delta_lpips_gap4_vs_adaptive": -0.08125939965248108,
      "low_psnr_flag": 0,
      "high_lpips_flag": 1,
      "high_payload_flag": 1,
      "risk_score": 3.087970444908142
    },
    {
      "sequence": "india",
      "frame_index": 37,
      "adaptive_psnr": 32.1998711488545,
      "adaptive_ssim": 0.8073639273643494,
      "adaptive_ms_ssim": 0.9680047035217285,
      "adaptive_lpips": 0.33437663316726685,
      "adaptive_payload_bytes": 248468,
      "gap8_psnr": 32.1998711488545,
      "gap8_lpips": 0.33437663316726685,
      "gap4_psnr": 34.7971341828969,
      "gap4_lpips": 0.26106834411621094,
      "delta_psnr_gap4_vs_adaptive": 2.597263034042399,
      "delta_lpips_gap4_vs_adaptive": -0.07330828905105591,
      "low_psnr_flag": 0,
      "high_lpips_flag": 1,
      "high_payload_flag": 1,
      "risk_score": 2.856892663345337
    },
    {
      "sequence": "motocross-jump",
      "frame_index": 27,
      "adaptive_psnr": 32.07748506416102,
      "adaptive_ssim": 0.8398149609565735,
      "adaptive_ms_ssim": 0.9715079665184021,
      "adaptive_lpips": 0.34950196743011475,
      "adaptive_payload_bytes": 233001,
      "gap8_psnr": 32.07748506416102,
      "gap8_lpips": 0.34950196743011475,
      "gap4_psnr": 33.94027747829837,
      "gap4_lpips": 0.27069470286369324,
      "delta_psnr_gap4_vs_adaptive": 1.8627924141373526,
      "delta_lpips_gap4_vs_adaptive": -0.07880726456642151,
      "low_psnr_flag": 0,
      "high_lpips_flag": 1,
      "high_payload_flag": 1,
      "risk_score": 2.850059348602295
    },
    {
      "sequence": "motocross-jump",
      "frame_index": 19,
      "adaptive_psnr": 29.915211997419004,
      "adaptive_ssim": 0.8004189133644104,
      "adaptive_ms_ssim": 0.9670195579528809,
      "adaptive_lpips": 0.30602461099624634,
      "adaptive_payload_bytes": 264542,
      "gap8_psnr": 31.18002113030128,
      "gap8_lpips": 0.2642105519771576,
      "gap4_psnr": 32.64666048148088,
      "gap4_lpips": 0.2124582827091217,
      "delta_psnr_gap4_vs_adaptive": 2.7314484840618753,
      "delta_lpips_gap4_vs_adaptive": -0.09356632828712463,
      "low_psnr_flag": 0,
      "high_lpips_flag": 1,
      "high_payload_flag": 1,
      "risk_score": 2.6113322199249267
    },
    {
      "sequence": "motocross-jump",
      "frame_index": 10,
      "adaptive_psnr": 30.574945492189947,
      "adaptive_ssim": 0.7782253623008728,
      "adaptive_ms_ssim": 0.9658850431442261,
      "adaptive_lpips": 0.33097678422927856,
      "adaptive_payload_bytes": 232116,
      "gap8_psnr": 32.37013359337854,
      "gap8_lpips": 0.25162285566329956,
      "gap4_psnr": 29.818047854969283,
      "gap4_lpips": 0.3538079261779785,
      "delta_psnr_gap4_vs_adaptive": -0.7568976372206642,
      "delta_lpips_gap4_vs_adaptive": 0.02283114194869995,
      "low_psnr_flag": 0,
      "high_lpips_flag": 1,
      "high_payload_flag": 1,
      "risk_score": 2.4618556845855712
    },
    {
      "sequence": "motocross-jump",
      "frame_index": 29,
      "adaptive_psnr": 32.46901433020109,
      "adaptive_ssim": 0.8387160897254944,
      "adaptive_ms_ssim": 0.9712040424346924,
      "adaptive_lpips": 0.33016031980514526,
      "adaptive_payload_bytes": 230914,
      "gap8_psnr": 32.46901433020109,
      "gap8_lpips": 0.33016031980514526,
      "gap4_psnr": 34.699388493032906,
      "gap4_lpips": 0.21286994218826294,
      "delta_psnr_gap4_vs_adaptive": 2.230374162831815,
      "delta_lpips_gap4_vs_adaptive": -0.11729037761688232,
      "low_psnr_flag": 0,
      "high_lpips_flag": 1,
      "high_payload_flag": 1,
      "risk_score": 2.4214863961029054
    },
    {
      "sequence": "mbike-trick",