{
  "stage": 15,
  "method": "selected-keyframe RD curve batch",
  "sample": "n3dv",
  "selection_method": "uniform",
  "reference_gap": 8,
  "resolution": [
    512,
    288
  ],
  "total_frames": 81,
  "selected_keyframes": [
    0,
    8,
    16,
    24,
    32,
    40,
    48,
    56,
    64,
    72,
    80
  ],
  "keyframe_count": 11,
  "keyframe_ratio": 0.13580246913580246,
  "segment_lengths": [
    8,
    8,
    8,
    8,
    8,
    8,
    8,
    8,
    8,
    8
  ],
  "max_segment_length": 8,
  "pair_count": 10,
  "complete": true,
  "all": {
    "count": 81,
    "psnr_avg": 32.50256438589778,
    "psnr_min": 28.345630657109293,
    "ssim_avg": 0.9579449406376591,
    "ssim_min": 0.9242563843727112
  },
  "middle_only": {
    "count": 70,
    "psnr_avg": 32.2073772502555,
    "psnr_min": 28.345630657109293,
    "ssim_avg": 0.9561403547014509,
    "ssim_min": 0.9242563843727112
  },
  "given_keyframes": {
    "count": 11,
    "psnr_avg": 34.381027976348605,
    "psnr_min": 34.3071293895202,
    "ssim_avg": 0.9694286693226207,
    "ssim_min": 0.969157874584198
  },
  "estimated_q8_static_mib_per_frame": 0.062065972222222224,
  "raw_pred_gs_mib": 61.875,
  "raw_pred_gs_mib_per_frame": 0.7638888888888888,
  "pred_gs_shapes_last_batch": {
    "rgb": [
      1,
      73728,
      3
    ],
    "opacity": [
      1,
      73728,
      3
    ],
    "scale": [
      1,
      73728,
      2
    ],
    "xyz": [
      1,
      73728,
      2,
      3
    ],
    "rot": [
      1,
      73728,
      2,
      4
    ]
  },
  "heavy_output_dir": "/mnt/hdd2tC/tmp/opencode/mono_dfcgs_runs/stage15_selected_keyframe_rd_curve/n3dv_uniform_gap8",
  "per_frame_metrics": null,
  "notes": "Smoke evaluation for selected keyframes. It still uses StreamSplat RGB/depth-conditioned inference for each selected pair, not the final Gaussian-anchor-only decoder."
}