{
  "stage": 15,
  "method": "selected-keyframe RD curve batch",
  "sample": "n3dv",
  "selection_method": "rd_spaced",
  "reference_gap": 8,
  "resolution": [
    512,
    288
  ],
  "total_frames": 81,
  "selected_keyframes": [
    0,
    1,
    2,
    3,
    4,
    6,
    16,
    32,
    48,
    64,
    80
  ],
  "keyframe_count": 11,
  "keyframe_ratio": 0.13580246913580246,
  "segment_lengths": [
    1,
    1,
    1,
    1,
    2,
    10,
    16,
    16,
    16,
    16
  ],
  "max_segment_length": 16,
  "pair_count": 10,
  "complete": true,
  "all": {
    "count": 81,
    "psnr_avg": 31.644474346834887,
    "psnr_min": 29.18401402560327,
    "ssim_avg": 0.9519755906528897,
    "ssim_min": 0.9343331456184387
  },
  "middle_only": {
    "count": 70,
    "psnr_avg": 31.21410477178391,
    "psnr_min": 29.18401402560327,
    "ssim_avg": 0.9492100715637207,
    "ssim_min": 0.9343331456184387
  },
  "given_keyframes": {
    "count": 11,
    "psnr_avg": 34.38318982443202,
    "psnr_min": 34.29768564553569,
    "ssim_avg": 0.9695743484930559,
    "ssim_min": 0.9690882563591003
  },
  "estimated_q8_static_mib_per_frame": 0.062065972222222224,
  "raw_pred_gs_mib": 61.875,
  "raw_pred_gs_mib_per_frame": 0.7638888888888888,
  "pred_gs_shapes_last_batch": {
    "rgb": [
      1,
      73728,
      3
    ],
    "opacity": [
      1,
      73728,
      3
    ],
    "scale": [
      1,
      73728,
      2
    ],
    "xyz": [
      1,
      73728,
      2,
      3
    ],
    "rot": [
      1,
      73728,
      2,
      4
    ]
  },
  "heavy_output_dir": "/mnt/hdd2tC/tmp/opencode/mono_dfcgs_runs/stage15_selected_keyframe_rd_curve/n3dv_rd_spaced_gap8",
  "per_frame_metrics": null,
  "notes": "Smoke evaluation for selected keyframes. It still uses StreamSplat RGB/depth-conditioned inference for each selected pair, not the final Gaussian-anchor-only decoder."
}