{
  "stage": 15,
  "method": "selected-keyframe RD curve batch",
  "sample": "robot",
  "selection_method": "rd_spaced",
  "reference_gap": 8,
  "resolution": [
    512,
    288
  ],
  "total_frames": 77,
  "selected_keyframes": [
    0,
    10,
    16,
    24,
    32,
    40,
    42,
    44,
    48,
    64,
    76
  ],
  "keyframe_count": 11,
  "keyframe_ratio": 0.14285714285714285,
  "segment_lengths": [
    10,
    6,
    8,
    8,
    8,
    2,
    2,
    4,
    16,
    12
  ],
  "max_segment_length": 16,
  "pair_count": 10,
  "complete": true,
  "all": {
    "count": 77,
    "psnr_avg": 23.17668274155252,
    "psnr_min": 17.196625119441872,
    "ssim_avg": 0.8133240489216594,
    "ssim_min": 0.703296959400177
  },
  "middle_only": {
    "count": 66,
    "psnr_avg": 21.04240930250378,
    "psnr_min": 17.196625119441872,
    "ssim_avg": 0.7875657524123336,
    "ssim_min": 0.703296959400177
  },
  "given_keyframes": {
    "count": 11,
    "psnr_avg": 35.98232337584495,
    "psnr_min": 35.43880915317749,
    "ssim_avg": 0.967873827977614,
    "ssim_min": 0.9657891392707825
  },
  "estimated_q8_static_mib_per_frame": 0.06529017857142858,
  "raw_pred_gs_mib": 61.875,
  "raw_pred_gs_mib_per_frame": 0.8035714285714286,
  "pred_gs_shapes_last_batch": {
    "rgb": [
      1,
      73728,
      3
    ],
    "opacity": [
      1,
      73728,
      3
    ],
    "scale": [
      1,
      73728,
      2
    ],
    "xyz": [
      1,
      73728,
      2,
      3
    ],
    "rot": [
      1,
      73728,
      2,
      4
    ]
  },
  "heavy_output_dir": "/mnt/hdd2tC/tmp/opencode/mono_dfcgs_runs/stage15_selected_keyframe_rd_curve/robot_rd_spaced_gap8",
  "per_frame_metrics": null,
  "notes": "Smoke evaluation for selected keyframes. It still uses StreamSplat RGB/depth-conditioned inference for each selected pair, not the final Gaussian-anchor-only decoder."
}