{
  "length_only_ridge": {
    "features": [
      "segment_length",
      "middle_count"
    ],
    "l2": 0.001,
    "intercept": -1.5053696682768931,
    "weights": [
      0.006703584356066951,
      0.006703584355541574
    ],
    "mean": [
      8.564453125,
      7.564453125
    ],
    "std": [
      4.253339614704082,
      4.253339614704082
    ]
  },
  "rgb_motion_ridge": {
    "features": [
      "segment_length",
      "middle_count",
      "normalized_left",
      "normalized_right",
      "rgb_motion_mean",
      "rgb_motion_max",
      "rgb_endpoint_mse"
    ],
    "l2": 0.001,
    "intercept": -1.505369668276895,
    "weights": [
      0.014262888151348406,
      0.014262888149071892,
      0.05503863704712465,
      -0.054803890000647115,
      0.0316992848780784,
      0.005694305850066563,
      -0.005376666597011014
    ],
    "mean": [
      8.564453125,
      7.564453125,
      0.4396197732239357,
      0.5602572589802527,
      0.057077030136814554,
      0.07192213068507651,
      0.038861324252403996
    ],
    "std": [
      4.253339614704082,
      4.253339614704082,
      0.2590234636641928,
      0.26036101002425316,
      0.028434599412411058,
      0.03599698852866341,
      0.02022991428311021
    ]
  },
  "anchor_endpoint_ridge": {
    "features": [
      "segment_length",
      "middle_count",
      "normalized_left",
      "normalized_right",
      "endpoint_anchor_mse",
      "endpoint_anchor_l1",
      "endpoint_rgb_mse",
      "endpoint_opacity_mse",
      "endpoint_scale_mse",
      "endpoint_xyz_mse",
      "endpoint_rot_mse",
      "left_opacity_mean",
      "right_opacity_mean",
      "left_scale_mean",
      "right_scale_mean"
    ],
    "l2": 0.001,
    "intercept": -1.5053696682768944,
    "weights": [
      -0.002618113771014396,
      -0.0026181137703855275,
      -0.020124913809753876,
      0.021467725927064283,
      0.018267180083699746,
      -0.0024299245647811042,
      0.020390839005739615,
      -0.004520993932143365,
      0.0034408082072199444,
      -0.007758161601355908,
      0.0,
      -0.0035937762024259128,
      -0.0049574178632884915,
      0.0038386073981452034,
      -0.013190849460156879
    ],
    "mean": [
      8.564453125,
      7.564453125,
      0.4396197732239357,
      0.5602572589802527,
      0.02075209967748985,
      0.056350173880976705,
      0.07870045567263635,
      0.02314859877030055,
      2.6824818511646717e-06,
      0.0035073105130010163,
      0.0,
      0.8418684268253855,
      0.8424284643842839,
      0.005033595186584232,
      0.005035394665052688
    ],
    "std": [
      4.253339614704082,
      4.253339614704082,
      0.2590234636641928,
      0.26036101002425316,
      0.005921449569543915,
      0.01189628083859395,
      0.024327387282392126,
      0.0037990992387374623,
      6.030429203892682e-07,
      0.002675433176316682,
      1.0,
      0.01182157891058472,
      0.011653195697070557,
      0.00023966283634054385,
      0.00024082978079018337
    ]
  },
  "full_feature_ridge": {
    "features": [
      "segment_length",
      "middle_count",
      "normalized_left",
      "normalized_right",
      "endpoint_anchor_mse",
      "endpoint_anchor_l1",
      "endpoint_rgb_mse",
      "endpoint_opacity_mse",
      "endpoint_scale_mse",
      "endpoint_xyz_mse",
      "endpoint_rot_mse",
      "left_opacity_mean",
      "right_opacity_mean",
      "left_scale_mean",
      "right_scale_mean",
      "rgb_motion_mean",
      "rgb_motion_max",
      "rgb_endpoint_mse"
    ],
    "l2": 0.001,
    "intercept": -1.5053696682768927,
    "weights": [
      -0.0010638089869239766,
      -0.0010638089856341694,
      -0.057305882828941036,
      0.058940902863171905,
      0.019641921084264182,
      -0.0012815920255421105,
      0.022593463311241263,
      -0.0003201682771878561,
      -0.0022992512567988725,
      -0.008498417284968906,
      0.0,
      -0.0019369493702886735,
      0.003269786713297341,
      -0.0025251938800166353,
      -0.00401371628594848,
      0.02192355995771975,
      0.012944506319663816,
      -0.03215382520752597
    ],
    "mean": [
      8.564453125,
      7.564453125,
      0.4396197732239357,
      0.5602572589802527,
      0.02075209967748985,
      0.056350173880976705,
      0.07870045567263635,
      0.02314859877030055,
      2.6824818511646717e-06,
      0.0035073105130010163,
      0.0,
      0.8418684268253855,
      0.8424284643842839,
      0.005033595186584232,
      0.005035394665052688,
      0.057077030136814554,
      0.07192213068507651,
      0.038861324252403996
    ],
    "std": [
      4.253339614704082,
      4.253339614704082,
      0.2590234636641928,
      0.26036101002425316,
      0.005921449569543915,
      0.01189628083859395,
      0.024327387282392126,
      0.0037990992387374623,
      6.030429203892682e-07,
      0.002675433176316682,
      1.0,
      0.01182157891058472,
      0.011653195697070557,
      0.00023966283634054385,
      0.00024082978079018337,
      0.028434599412411058,
      0.03599698852866341,
      0.02022991428311021
    ]
  }
}