{
  "stage": 67,
  "mode": "DAVIS feed-forward selector proxy-cost predictor training",
  "stage66_csv": "/mnt/hdd2tC/haocheng/Mono-DFCGS/experiments/stage66_davis_feedforward_selector_dataset/stage66_davis_selector_dataset.csv",
  "l2": 0.001,
  "train_rows": 3072,
  "eval_rows": 1536,
  "metrics_csv": "/mnt/hdd2tC/haocheng/Mono-DFCGS/experiments/stage67_davis_selector_predictor_training/stage67_selector_predictor_metrics.csv",
  "predictions_csv": "/mnt/hdd2tC/haocheng/Mono-DFCGS/experiments/stage67_davis_selector_predictor_training/stage67_selector_predictor_predictions.csv",
  "model_params_json": "/mnt/hdd2tC/haocheng/Mono-DFCGS/experiments/stage67_davis_selector_predictor_training/stage67_selector_predictor_model_params.json",
  "metrics": [
    {
      "model": "length_only_ridge",
      "feature_count": 2,
      "train_rows": 3072,
      "eval_rows": 1536,
      "train_rmse_log": 0.03870648387717512,
      "eval_rmse_log": 0.03748165925098028,
      "train_mae_log": 0.031035397677388596,
      "eval_mae_log": 0.03079482991607954,
      "train_pearson_log": 0.327301802942736,
      "eval_pearson_log": 0.3094398002609641,
      "train_spearman_log": 0.3484414158600082,
      "eval_spearman_log": 0.3391438570632329
    },
    {
      "model": "rgb_motion_ridge",
      "feature_count": 7,
      "train_rows": 3072,
      "eval_rows": 1536,
      "train_rmse_log": 0.021107554371402215,
      "eval_rmse_log": 0.032271284148152724,
      "train_mae_log": 0.01661410830089587,
      "eval_mae_log": 0.027284673508729138,
      "train_pearson_log": 0.8570176941854778,
      "eval_pearson_log": 0.6528770726740828,
      "train_spearman_log": 0.8448057585583272,
      "eval_spearman_log": 0.6576988074032709
    },
    {
      "model": "anchor_endpoint_ridge",
      "feature_count": 15,
      "train_rows": 3072,
      "eval_rows": 1536,
      "train_rmse_log": 0.021070183353715168,
      "eval_rmse_log": 0.020229501422918364,
      "train_mae_log": 0.015861874858110112,
      "eval_mae_log": 0.01598932737117346,
      "train_pearson_log": 0.8575655700009158,
      "eval_pearson_log": 0.8664301098563049,
      "train_spearman_log": 0.8641918497090181,
      "eval_spearman_log": 0.8671254647839715
    },
    {
      "model": "full_feature_ridge",
      "feature_count": 18,
      "train_rows": 3072,
      "eval_rows": 1536,
      "train_rmse_log": 0.01602411007737168,
      "eval_rmse_log": 0.01746532908957139,
      "train_mae_log": 0.012422056011834123,
      "eval_mae_log": 0.013720940971676495,
      "train_pearson_log": 0.9203109238696016,
      "eval_pearson_log": 0.9103771172408511,
      "train_spearman_log": 0.9152812988029638,
      "eval_spearman_log": 0.9017146144293104
    }
  ],
  "best_model_by_eval_spearman_then_rmse": "full_feature_ridge",
  "best_metrics": {
    "model": "full_feature_ridge",
    "feature_count": 18,
    "train_rows": 3072,
    "eval_rows": 1536,
    "train_rmse_log": 0.01602411007737168,
    "eval_rmse_log": 0.01746532908957139,
    "train_mae_log": 0.012422056011834123,
    "eval_mae_log": 0.013720940971676495,
    "train_pearson_log": 0.9203109238696016,
    "eval_pearson_log": 0.9103771172408511,
    "train_spearman_log": 0.9152812988029638,
    "eval_spearman_log": 0.9017146144293104
  },
  "notes": "Predictors use feed-forward encoder-side features only. The target is the Stage66 anchor-space proxy label, not rendered all-frame PSNR."
}