{
  "stage": 157,
  "mode": "selected half-anchor broader validation",
  "policy": "streamsplat_half_anchor_entropy_residual_best_half_keep1_q6",
  "task_count": 120,
  "summary_rows": [
    {
      "gap": 4,
      "method": "streamsplat_half_anchor_entropy_residual_best_half",
      "keep_fraction": 1.0,
      "side_bits": 6,
      "task_count": 60,
      "mean_psnr": 29.780485398070507,
      "min_psnr": 24.70318608724209,
      "p10_psnr": 25.726690616240614,
      "mean_ssim": 0.8779375642538071,
      "p10_ssim": 0.8231782436370849,
      "mean_ms_ssim": 0.9850881884495417,
      "mean_lpips": 0.16601951060195763,
      "p90_lpips": 0.20979373008012772,
      "mean_original_psnr": 22.06421822428011,
      "mean_original_ssim": 0.6008085365096728,
      "mean_original_ms_ssim": 0.8013669446110725,
      "mean_original_lpips": 0.3014947975675265,
      "mean_payload_bytes": 209392.83333333334,
      "mean_side_mib_per_intermediate": 0.19969256718953451,
      "mean_direct_total_mib_per_frame_ref": 0.3816307879574477,
      "mean_delta_psnr_vs_original": 7.7162671737904,
      "mean_delta_ssim_vs_original": 0.2771290277441343,
      "mean_delta_ms_ssim_vs_original": 0.1837212438384692,
      "mean_delta_lpips_vs_original": -0.13547528696556885
    },
    {
      "gap": 8,
      "method": "streamsplat_half_anchor_entropy_residual_best_half",
      "keep_fraction": 1.0,
      "side_bits": 6,
      "task_count": 60,
      "mean_psnr": 29.578682359235195,
      "min_psnr": 24.4885691478027,
      "p10_psnr": 25.326197674163037,
      "mean_ssim": 0.8696596751610438,
      "p10_ssim": 0.7998811662197113,
      "mean_ms_ssim": 0.9838472485542298,
      "mean_lpips": 0.17853523269295693,
      "p90_lpips": 0.2392323151230812,
      "mean_original_psnr": 20.33727549162514,
      "mean_original_ssim": 0.5203309365858634,
      "mean_original_ms_ssim": 0.7005373592178027,
      "mean_original_lpips": 0.3593370050191879,
      "mean_payload_bytes": 215967.88333333333,
      "mean_side_mib_per_intermediate": 0.20596302350362142,
      "mean_direct_total_mib_per_frame_ref": 0.3035884102571357,
      "mean_delta_psnr_vs_original": 9.24140686761006,
      "mean_delta_ssim_vs_original": 0.3493287385751804,
      "mean_delta_ms_ssim_vs_original": 0.28330988933642703,
      "mean_delta_lpips_vs_original": -0.18080177232623101
    }
  ],
  "lpips_available": true,
  "lpips_error": null,
  "ms_ssim_available": true,
  "ms_ssim_error": null,
  "contact_sheet": "/data/hctang/tmp/opencode/mono_dfcgs_runs/stage157_selected_half_anchor_broader_validation/stage157_selected_half_anchor_worst_lpips_contact_sheet.jpg",
  "rows_csv": "/mnt/hdd2tC/haocheng/Mono-DFCGS/experiments/stage157_selected_half_anchor_broader_validation/stage157_selected_half_anchor_rows.csv",
  "summary_csv": "/mnt/hdd2tC/haocheng/Mono-DFCGS/experiments/stage157_selected_half_anchor_broader_validation/stage157_selected_half_anchor_summary.csv",
  "badcases_csv": "/mnt/hdd2tC/haocheng/Mono-DFCGS/experiments/stage157_selected_half_anchor_broader_validation/stage157_selected_half_anchor_badcases.csv",
  "summary_json": "/mnt/hdd2tC/haocheng/Mono-DFCGS/experiments/stage157_selected_half_anchor_broader_validation/stage157_selected_half_anchor_summary.json",
  "package_json": "/mnt/hdd2tC/haocheng/Mono-DFCGS/experiments/stage157_selected_half_anchor_broader_validation/stage157_selected_half_anchor_broader_validation_package.json",
  "report_md": "/mnt/hdd2tC/haocheng/Mono-DFCGS/experiments/stage157_selected_half_anchor_broader_validation/stage157_selected_half_anchor_broader_validation_report.md",
  "heavy_root": "/data/hctang/tmp/opencode/mono_dfcgs_runs/stage157_selected_half_anchor_broader_validation"
}
