{
  "stage": 170,
  "status": "combined_adaptive_rendered_validation_execution_packaged",
  "decision": "combined_validation_ready_for_review",
  "policy": "streamsplat_guided_half_anchor_entropy_residual_v1",
  "protocol_row_count": 78,
  "output_row_count": 78,
  "new_render_count": 26,
  "reused_row_count": 42,
  "keyframe_marker_count": 10,
  "summary_rows": [
    {
      "category": "false_negative_residual",
      "schedule": "stage165_adaptive",
      "row_count": 8,
      "rendered_count": 8,
      "keyframe_marker_count": 0,
      "reused_count": 8,
      "new_render_count": 0,
      "mean_psnr": 26.192677144097143,
      "p10_psnr": 25.184412756845912,
      "mean_ssim": 0.8337735459208488,
      "mean_ms_ssim": 0.9814087599515915,
      "mean_lpips": 0.2088309582322836,
      "p90_lpips": 0.2746345430612564,
      "mean_original_psnr": 19.86239408781455,
      "mean_original_lpips": 0.28173528984189034,
      "mean_payload_bytes": 155993.625,
      "mean_side_mib_per_intermediate": 0.1487671136856079,
      "mean_delta_psnr_vs_uniform_gap8": -0.010963752281610173,
      "mean_delta_lpips_vs_uniform_gap8": 0.0009096115827560425
    },
    {
      "category": "false_negative_residual",
      "schedule": "uniform_gap4",
      "row_count": 8,
      "rendered_count": 7,
      "keyframe_marker_count": 1,
      "reused_count": 8,
      "new_render_count": 0,
      "mean_psnr": 25.68324570510097,
      "p10_psnr": 25.263786687198742,
      "mean_ssim": 0.8433339936392648,
      "mean_ms_ssim": 0.983516446181706,
      "mean_lpips": 0.19355605755533492,
      "p90_lpips": 0.23076039850711824,
      "mean_original_psnr": 20.052429695932908,
      "mean_original_lpips": 0.2695577506508146,
      "mean_payload_bytes": 149221.57142857142,
      "mean_side_mib_per_intermediate": 0.14230878012520926,
      "mean_delta_psnr_vs_uniform_gap8": 0.10339870067147418,
      "mean_delta_lpips_vs_uniform_gap8": -0.004473369036402021
    },
    {
      "category": "false_negative_residual",
      "schedule": "uniform_gap8",
      "row_count": 8,
      "rendered_count": 8,
      "keyframe_marker_count": 0,
      "reused_count": 8,
      "new_render_count": 0,
      "mean_psnr": 26.203640896378754,
      "p10_psnr": 25.184412756845912,
      "mean_ssim": 0.8343665823340416,
      "mean_ms_ssim": 0.9815688729286194,
      "mean_lpips": 0.20792134664952755,
      "p90_lpips": 0.26954071819782255,
      "mean_original_psnr": 19.69910130834679,
      "mean_original_lpips": 0.2856053560972214,
      "mean_payload_bytes": 156389.625,
      "mean_side_mib_per_intermediate": 0.14914476871490479,
      "mean_delta_psnr_vs_uniform_gap8": 0.0,
      "mean_delta_lpips_vs_uniform_gap8": 0.0
    },
    {
      "category": "high_payload_residual_control",
      "schedule": "stage165_adaptive",
      "row_count": 4,
      "rendered_count": 4,
      "keyframe_marker_count": 0,
      "reused_count": 0,
      "new_render_count": 4,
      "mean_psnr": 31.35483734665675,
      "p10_psnr": 29.976111320828107,
      "mean_ssim": 0.8907568752765656,
      "mean_ms_ssim": 0.9871875941753387,
      "mean_lpips": 0.1504514366388321,
      "p90_lpips": 0.16648623198270798,
      "mean_original_psnr": 22.188000198114516,
      "mean_original_lpips": 0.35751569271087646,
      "mean_payload_bytes": 239237.25,
      "mean_side_mib_per_intermediate": 0.22815442085266113,
      "mean_delta_psnr_vs_uniform_gap8": 0.315564515849454,
      "mean_delta_lpips_vs_uniform_gap8": -0.017040904611349106
    },
    {
      "category": "high_payload_residual_control",
      "schedule": "uniform_gap4",
      "row_count": 4,
      "rendered_count": 4,
      "keyframe_marker_count": 0,
      "reused_count": 0,
      "new_render_count": 4,
      "mean_psnr": 31.07807009977641,
      "p10_psnr": 29.92149259323744,
      "mean_ssim": 0.8811613470315933,
      "mean_ms_ssim": 0.9859860688447952,
      "mean_lpips": 0.16600503399968147,
      "p90_lpips": 0.17165925055742265,
      "mean_original_psnr": 21.401174142545102,
      "mean_original_lpips": 0.3694092035293579,
      "mean_payload_bytes": 241069.75,
      "mean_side_mib_per_intermediate": 0.22990202903747559,
      "mean_delta_psnr_vs_uniform_gap8": 0.03879726896911517,
      "mean_delta_lpips_vs_uniform_gap8": -0.0014873072504997253
    },
    {
      "category": "high_payload_residual_control",
      "schedule": "uniform_gap8",
      "row_count": 4,
      "rendered_count": 4,
      "keyframe_marker_count": 0,
      "reused_count": 0,
      "new_render_count": 4,
      "mean_psnr": 31.039272830807292,
      "p10_psnr": 29.976111320828107,
      "mean_ssim": 0.8808263838291168,
      "mean_ms_ssim": 0.9858412444591522,
      "mean_lpips": 0.1674923412501812,
      "p90_lpips": 0.19081948399543763,
      "mean_original_psnr": 21.101950158857058,
      "mean_original_lpips": 0.39386656135320663,
      "mean_payload_bytes": 239014.0,
      "mean_side_mib_per_intermediate": 0.22794151306152344,
      "mean_delta_psnr_vs_uniform_gap8": 0.0,
      "mean_delta_lpips_vs_uniform_gap8": 0.0
    },
    {
      "category": "positive_promoted",
      "schedule": "stage165_adaptive",
      "row_count": 14,
      "rendered_count": 0,
      "keyframe_marker_count": 14,
      "reused_count": 6,
      "new_render_count": 0,
      "mean_psnr": null,
      "p10_psnr": null,
      "mean_ssim": null,
      "mean_ms_ssim": null,
      "mean_lpips": null,
      "p90_lpips": null,
      "mean_original_psnr": null,
      "mean_original_lpips": null,
      "mean_payload_bytes": null,
      "mean_side_mib_per_intermediate": null,
      "mean_delta_psnr_vs_uniform_gap8": null,
      "mean_delta_lpips_vs_uniform_gap8": null
    },
    {
      "category": "positive_promoted",
      "schedule": "uniform_gap4",
      "row_count": 14,
      "rendered_count": 11,
      "keyframe_marker_count": 3,
      "reused_count": 6,
      "new_render_count": 6,
      "mean_psnr": 28.89448598931933,
      "p10_psnr": 25.11918262531335,
      "mean_ssim": 0.8541460091417487,
      "mean_ms_ssim": 0.9816210595044222,
      "mean_lpips": 0.20537861639803107,
      "p90_lpips": 0.2481166124343872,
      "mean_original_psnr": 19.304563442264712,
      "mean_original_lpips": 0.3758579898964275,
      "mean_payload_bytes": 230308.81818181818,
      "mean_side_mib_per_intermediate": 0.21963960474187677,
      "mean_delta_psnr_vs_uniform_gap8": 0.10054198388593508,
      "mean_delta_lpips_vs_uniform_gap8": -0.005596429109573364
    },
    {
      "category": "positive_promoted",
      "schedule": "uniform_gap8",
      "row_count": 14,
      "rendered_count": 14,
      "keyframe_marker_count": 0,
      "reused_count": 6,
      "new_render_count": 8,
      "mean_psnr": 28.467816203588644,
      "p10_psnr": 24.683920414295482,
      "mean_ssim": 0.8460659725325448,
      "mean_ms_ssim": 0.9809922533375877,
      "mean_lpips": 0.21578441453831537,
      "p90_lpips": 0.27523915916681296,
      "mean_original_psnr": 17.36267829132418,
      "mean_original_lpips": 0.43605147834335056,
      "mean_payload_bytes": 238069.2142857143,
      "mean_side_mib_per_intermediate": 0.22704049519130162,
      "mean_delta_psnr_vs_uniform_gap8": 0.0,
      "mean_delta_lpips_vs_uniform_gap8": 0.0
    }
  ],
  "source_summary_rows": [
    {
      "row_source": "stage167",
      "row_count": 24,
      "rendered_count": 23,
      "keyframe_marker_count": 1
    },
    {
      "row_source": "stage168",
      "row_count": 18,
      "rendered_count": 11,
      "keyframe_marker_count": 7
    },
    {
      "row_source": "stage170_keyframe_marker",
      "row_count": 10,
      "rendered_count": 0,
      "keyframe_marker_count": 10
    },
    {
      "row_source": "stage170_rendered",
      "row_count": 26,
      "rendered_count": 26,
      "keyframe_marker_count": 0
    }
  ],
  "lpips_available": true,
  "lpips_error": null,
  "ms_ssim_available": true,
  "ms_ssim_error": null,