frame_gap,initial_model_psnr,best_model_psnr,linear_psnr,delta_psnr,margin_over_linear_psnr
2,22.775455967542836,22.824269479474992,22.775455967542836,0.04881351193215622,0.04881351193215622
4,21.531502922308917,21.56569108347312,21.531502922308917,0.03418816116420231,0.03418816116420231
8,20.118804914647942,20.142809995443457,20.118804914647942,0.024005080795515,0.024005080795515
16,19.1951033939677,19.212664607687188,19.1951033939677,0.017561213719488933,0.017561213719488933
