step,model_psnr_avg,linear_psnr_avg,margin_over_linear_psnr,best_so_far
0,20.90521679961685,20.90521679961685,0.0,True
32,20.913996462661025,20.90521679961685,0.008779663044176544,True
64,20.92152115695736,20.90521679961685,0.01630435734051261,True
96,20.929940697543877,20.90521679961685,0.02472389792702856,True
128,20.93635879151969,20.90521679961685,0.031141991902842392,True
