sample,frame_gap,target_frame_index,normalized_time,model_mse,model_psnr,linear_mse,linear_psnr
DAVIS/val/bike-packing,2,1,0.5,0.004234469961374998,23.732009435992303,0.004234469961374998,23.732009435992303
DAVIS/val/blackswan,2,1,0.5,0.006578240543603897,21.81890249909337,0.006578240543603897,21.81890249909337
DAVIS/val/bike-packing,4,2,0.5,0.005280793644487858,22.773008029358973,0.005280793644487858,22.773008029358973
DAVIS/val/blackswan,4,2,0.5,0.00935406144708395,20.289997815258857,0.00935406144708395,20.289997815258857
DAVIS/val/bike-packing,8,66,0.5,0.007504255045205355,21.24692414122191,0.007504255045205355,21.24692414122191
DAVIS/val/blackswan,8,4,0.5,0.012616283260285854,18.990685688073974,0.012616283260285854,18.990685688073974
DAVIS/val/bike-packing,16,66,0.5,0.007504255045205355,21.24692414122191,0.007504255045205355,21.24692414122191
DAVIS/val/blackswan,16,8,0.5,0.019305085763335228,17.143282646713484,0.019305085763335228,17.143282646713484
