reference_gap,best_setting_label,best_keep_fraction,best_mean_payload_bytes,best_mean_residual_mib_per_intermediate,best_mean_base_psnr,best_mean_corrected_psnr,best_mean_delta_psnr_vs_base
4,topk_keep0p2_q6,0.2,56283.0,0.05367565155029297,20.599420543944056,25.301132561904456,4.701712017960398
8,topk_keep0p2_q6,0.2,58359.875,0.0556563138961792,17.667283985227805,23.694548271579496,6.027264286351697
12,topk_keep0p2_q6,0.2,57028.5,0.05438661575317383,19.19559473773822,24.991767735164355,5.796172997426137
