reference_gap,setting_label,keep_fraction,side_bits,task_count,mean_payload_bytes,mean_residual_mib_per_intermediate,mean_base_psnr,mean_corrected_psnr,mean_delta_psnr_vs_base,mean_anchor_mse_reduction
4,topk_keep0p05_q6,0.05,6,8,15979.5,0.015239238739013672,20.599420543944056,22.620166961250117,2.0207464173060603,0.4994879397524154
4,topk_keep0p1_q6,0.1,6,8,30251.125,0.02884972095489502,20.599420543944056,23.75821732768108,3.158796783737028,0.6796394773826535
4,topk_keep0p2_q6,0.2,6,8,56283.0,0.05367565155029297,20.599420543944056,25.301132561904456,4.701712017960398,0.8453796803625209
8,topk_keep0p05_q6,0.05,6,8,15888.0,0.0151519775390625,17.667283985227805,19.932324214912786,2.265040229684981,0.39957581722923097
8,topk_keep0p1_q6,0.1,6,8,30589.125,0.029172062873840332,17.667283985227805,21.424980104868208,3.757696119640407,0.5842819564982121
8,topk_keep0p2_q6,0.2,6,8,58359.875,0.0556563138961792,17.667283985227805,23.694548271579496,6.027264286351697,0.7754779035697463
12,topk_keep0p05_q6,0.05,6,8,15940.625,0.015202164649963379,19.19559473773822,21.449448296661487,2.2538535589232693,0.48102446925109005
12,topk_keep0p1_q6,0.1,6,8,30356.25,0.028949975967407227,19.19559473773822,22.91538432870376,3.7197895909655356,0.6695627341032749
12,topk_keep0p2_q6,0.2,6,8,57028.5,0.05438661575317383,19.19559473773822,24.991767735164355,5.796172997426137,0.8461141126896384
