frame_gap,initial_model_psnr,final_model_psnr,linear_psnr,delta_psnr,margin_over_linear_psnr
2,22.898814876944613,22.916134779744898,22.898814876944613,0.017319902800284837,0.017319902800284837
4,21.02887941205421,21.02850200761415,21.02887941205421,-0.0003774044400586263,-0.0003774044400586263
8,21.673428963334427,21.69548755972806,21.673428963334427,0.02205859639363439,0.02205859639363439
16,22.453247545832397,22.478796492432902,22.453247545832397,0.025548946600505218,0.025548946600505218
