{
  "stage": 192,
  "status": "expanded_fixed_gap_measurement_complete",
  "complete": true,
  "decision": "current_adaptive_not_strong_against_expanded_fixed_gaps",
  "best_fixed_by_psnr": "uniform_gap2",
  "best_fixed_psnr": 29.654815328772308,
  "rd_quality_rows": [
    {
      "schedule": "uniform_gap2",
      "schedule_family": "fixed_gap",
      "gap": "2",
      "total_mib_per_frame": 0.4495468821866683,
      "keyframe_count": 1025,
      "residual_count": 974,
      "mean_psnr": 29.654815328772308,
      "mean_ssim": 0.878375951948018,
      "mean_ms_ssim": 0.9866168332910943,
      "mean_lpips": 0.15168131759139583,
      "delta_rate_vs_gap8": 0.17368070622454168,
      "delta_psnr_vs_gap8": 0.28085045693247324,
      "delta_ssim_vs_gap8": 0.010750252375190006,
      "delta_ms_ssim_vs_gap8": 0.002273814925078721,
      "delta_lpips_vs_gap8": -0.017010462111148206,
      "best_fixed_by_psnr": "uniform_gap2",
      "delta_rate_vs_best_fixed_psnr": 0.0,
      "delta_psnr_vs_best_fixed_psnr": 0.0,
      "delta_ssim_vs_best_fixed_psnr": 0.0,
      "delta_ms_ssim_vs_best_fixed_psnr": 0.0,
      "delta_lpips_vs_best_fixed_psnr": 0.0,
      "beats_best_fixed_psnr_by_1db_and_no_metric_regression": 0
    },
    {
      "schedule": "uniform_gap4",
      "schedule_family": "fixed_gap",
      "gap": "4",
      "total_mib_per_frame": 0.33076894444307725,
      "keyframe_count": 536,
      "residual_count": 1463,
      "mean_psnr": 29.535715839048734,
      "mean_ssim": 0.8739438994697716,
      "mean_ms_ssim": 0.9855294218654929,
      "mean_lpips": 0.15947172297849663,
      "delta_rate_vs_gap8": 0.05490276848095066,
      "delta_psnr_vs_gap8": 0.16175096720889925,
      "delta_ssim_vs_gap8": 0.006318199896943599,
      "delta_ms_ssim_vs_gap8": 0.0011864034994772954,
      "delta_lpips_vs_gap8": -0.00922005672404741,
      "best_fixed_by_psnr": "uniform_gap2",
      "delta_rate_vs_best_fixed_psnr": -0.11877793774359102,
      "delta_psnr_vs_best_fixed_psnr": -0.11909948972357398,
      "delta_ssim_vs_best_fixed_psnr": -0.004432052478246407,
      "delta_ms_ssim_vs_best_fixed_psnr": -0.0010874114256014256,
      "delta_lpips_vs_best_fixed_psnr": 0.007790405387100796,
      "beats_best_fixed_psnr_by_1db_and_no_metric_regression": 0
    },
    {
      "schedule": "uniform_gap6",
      "schedule_family": "fixed_gap",
      "gap": "6",
      "total_mib_per_frame": 0.29344506237493745,
      "keyframe_count": 372,
      "residual_count": 1627,
      "mean_psnr": 29.448737801531657,
      "mean_ssim": 0.8706193330169857,
      "mean_ms_ssim": 0.9848943316024086,
      "mean_lpips": 0.16457491443157493,
      "delta_rate_vs_gap8": 0.017578886412810857,
      "delta_psnr_vs_gap8": 0.07477292969182159,
      "delta_ssim_vs_gap8": 0.002993633444157706,
      "delta_ms_ssim_vs_gap8": 0.000551313236393014,
      "delta_lpips_vs_gap8": -0.004116865270969106,
      "best_fixed_by_psnr": "uniform_gap2",
      "delta_rate_vs_best_fixed_psnr": -0.15610181981173082,
      "delta_psnr_vs_best_fixed_psnr": -0.20607752724065165,
      "delta_ssim_vs_best_fixed_psnr": -0.0077566189310323,
      "delta_ms_ssim_vs_best_fixed_psnr": -0.001722501688685707,
      "delta_lpips_vs_best_fixed_psnr": 0.0128935968401791,
      "beats_best_fixed_psnr_by_1db_and_no_metric_regression": 0
    },
    {
      "schedule": "uniform_gap8",
      "schedule_family": "fixed_gap",
      "gap": "8",
      "total_mib_per_frame": 0.2758661759621266,
      "keyframe_count": 292,
      "residual_count": 1707,
      "mean_psnr": 29.373964871839835,
      "mean_ssim": 0.867625699572828,
      "mean_ms_ssim": 0.9843430183660156,
      "mean_lpips": 0.16869177970254404,
      "delta_rate_vs_gap8": 0.0,
      "delta_psnr_vs_gap8": 0.0,
      "delta_ssim_vs_gap8": 0.0,
      "delta_ms_ssim_vs_gap8": 0.0,
      "delta_lpips_vs_gap8": 0.0,
      "best_fixed_by_psnr": "uniform_gap2",
      "delta_rate_vs_best_fixed_psnr": -0.17368070622454168,
      "delta_psnr_vs_best_fixed_psnr": -0.28085045693247324,
      "delta_ssim_vs_best_fixed_psnr": -0.010750252375190006,
      "delta_ms_ssim_vs_best_fixed_psnr": -0.002273814925078721,
      "delta_lpips_vs_best_fixed_psnr": 0.017010462111148206,
      "beats_best_fixed_psnr_by_1db_and_no_metric_regression": 0
    },
    {
      "schedule": "uniform_gap16",
      "schedule_family": "fixed_gap",
      "gap": "16",
      "total_mib_per_frame": 0.2514788301781811,
      "keyframe_count": 169,
      "residual_count": 1830,
      "mean_psnr": 29.199328663742687,
      "mean_ssim": 0.8603573565843285,
      "mean_ms_ssim": 0.9830296424521751,
      "mean_lpips": 0.1773263292425331,
      "delta_rate_vs_gap8": -0.02438734578394547,
      "delta_psnr_vs_gap8": -0.17463620809714797,
      "delta_ssim_vs_gap8": -0.007268342988499432,
      "delta_ms_ssim_vs_gap8": -0.0013133759138405088,
      "delta_lpips_vs_gap8": 0.008634549539989073,
      "best_fixed_by_psnr": "uniform_gap2",
      "delta_rate_vs_best_fixed_psnr": -0.19806805200848715,
      "delta_psnr_vs_best_fixed_psnr": -0.4554866650296212,
      "delta_ssim_vs_best_fixed_psnr": -0.018018595363689438,
      "delta_ms_ssim_vs_best_fixed_psnr": -0.0035871908389192297,
      "delta_lpips_vs_best_fixed_psnr": 0.02564501165113728,
      "beats_best_fixed_psnr_by_1db_and_no_metric_regression": 0
    },
    {
      "schedule": "stage165_adaptive",
      "schedule_family": "adaptive",
      "gap": "",
      "total_mib_per_frame": 0.2907429328258184,
      "keyframe_count": 358,
      "residual_count": 1641,
      "mean_psnr": 29.4255826920606,
      "mean_ssim": 0.8692941793565335,
      "mean_ms_ssim": 0.9846469353830415,
      "mean_lpips": 0.16593745923142186,
      "delta_rate_vs_gap8": 0.014876756863691831,
      "delta_psnr_vs_gap8": 0.05161782022076622,
      "delta_ssim_vs_gap8": 0.0016684797837055454,
      "delta_ms_ssim_vs_gap8": 0.0003039170170259231,
      "delta_lpips_vs_gap8": -0.0027543204711221736,
      "best_fixed_by_psnr": "uniform_gap2",
      "delta_rate_vs_best_fixed_psnr": -0.15880394936084985,
      "delta_psnr_vs_best_fixed_psnr": -0.22923263671170702,
      "delta_ssim_vs_best_fixed_psnr": -0.00908177259148446,
      "delta_ms_ssim_vs_best_fixed_psnr": -0.001969897908052798,
      "delta_lpips_vs_best_fixed_psnr": 0.014256141640026032,
      "beats_best_fixed_psnr_by_1db_and_no_metric_regression": 0
    }
  ],
  "validation_rows": [
    {
      "item": "uniform_gap2_missing_residual_payload",
      "expected": 0,
      "actual": 0,
      "status": "ok"
    },
    {
      "item": "uniform_gap2_missing_schedule_keyframe_payload",
      "expected": 0,
      "actual": 0,
      "status": "ok"
    },
    {
      "item": "uniform_gap4_missing_residual_payload",
      "expected": 0,
      "actual": 0,
      "status": "ok"
    },
    {
      "item": "uniform_gap4_missing_schedule_keyframe_payload",
      "expected": 0,
      "actual": 0,
      "status": "ok"
    },
    {
      "item": "uniform_gap6_missing_residual_payload",
      "expected": 0,
      "actual": 0,
      "status": "ok"
    },
    {
      "item": "uniform_gap6_missing_schedule_keyframe_payload",
      "expected": 0,
      "actual": 0,
      "status": "ok"
    },
    {
      "item": "uniform_gap8_missing_residual_payload",
      "expected": 0,
      "actual": 0,
      "status": "ok"
    },
    {
      "item": "uniform_gap8_missing_schedule_keyframe_payload",
      "expected": 0,
      "actual": 0,
      "status": "ok"
    },
    {
      "item": "uniform_gap16_missing_residual_payload",
      "expected": 0,
      "actual": 0,
      "status": "ok"
    },
    {
      "item": "uniform_gap16_missing_schedule_keyframe_payload",
      "expected": 0,
      "actual": 0,
      "status": "ok"
    },
    {
      "item": "stage165_adaptive_missing_residual_payload",
      "expected": 0,
      "actual": 0,
      "status": "ok"
    },
    {
      "item": "stage165_adaptive_missing_schedule_keyframe_payload",
      "expected": 0,
      "actual": 0,