{
  "stage": 155,
  "mode": "StreamSplat-base side-info upper-bound sweep",
  "task_count": 60,
  "correction_status": "image_residual_upper_bound_diagnostic_not_final_gs_codec",
  "gaussian_domain_shape_matched_tasks": 0,
  "gaussian_domain_task_count": 60,
  "max_static_eval_render_diff_vs_dynamic": 0.0,
  "best_setting": {
    "gap": 4,
    "method": "image_residual_sideinfo_full_frame",
    "side_bits": 4,
    "task_count": 30,
    "mean_psnr": 32.280546434337076,
    "min_psnr": 29.30915536016212,
    "p10_psnr": 30.36170381171098,
    "mean_ssim": 0.8786723375320434,
    "min_ssim": 0.7870612144470215,
    "p10_ssim": 0.8279148757457733,
    "mean_ms_ssim": 0.9775982022285461,
    "mean_lpips": 0.15282797639568646,
    "p90_lpips": 0.20505481958389282,
    "mean_payload_bytes": 78548.73333333334,
    "mean_side_mib_per_intermediate": 0.0749099095662435,
    "mean_direct_total_mib_per_frame_ref": 0.2568481303341566,
    "mean_delta_psnr_vs_original": 9.958720852408895,
    "mean_delta_ssim_vs_original": 0.2657065307100614,
    "mean_delta_ms_ssim_vs_original": 0.1651293178399404,
    "mean_delta_lpips_vs_original": -0.14465711389978728
  },
  "best_contact_sheet": "/data/hctang/tmp/opencode/mono_dfcgs_runs/stage155_streamsplat_base_sideinfo_upper_bound/stage155_best_setting_worst_lpips_contact_sheet.jpg",
  "summary_rows": [
    {
      "gap": 4,
      "method": "image_residual_sideinfo_full_frame",
      "side_bits": 3,
      "task_count": 30,
      "mean_psnr": 25.134758535637857,
      "min_psnr": 21.361813296826718,
      "p10_psnr": 22.7473450361972,
      "mean_ssim": 0.7263571123282114,
      "min_ssim": 0.5967466235160828,
      "p10_ssim": 0.6413805961608887,
      "mean_ms_ssim": 0.9236845235029857,
      "mean_lpips": 0.3135005762179693,
      "p90_lpips": 0.41565817594528204,
      "mean_payload_bytes": 55879.36666666667,
      "mean_side_mib_per_intermediate": 0.05329071680704753,
      "mean_direct_total_mib_per_frame_ref": 0.23522893757496063,
      "mean_delta_psnr_vs_original": 2.8129329537096694,
      "mean_delta_ssim_vs_original": 0.1133913055062294,
      "mean_delta_ms_ssim_vs_original": 0.11121563911437989,
      "mean_delta_lpips_vs_original": 0.016015485922495524
    },
    {
      "gap": 4,
      "method": "image_residual_sideinfo_full_frame",
      "side_bits": 4,
      "task_count": 30,
      "mean_psnr": 32.280546434337076,
      "min_psnr": 29.30915536016212,
      "p10_psnr": 30.36170381171098,
      "mean_ssim": 0.8786723375320434,
      "min_ssim": 0.7870612144470215,
      "p10_ssim": 0.8279148757457733,
      "mean_ms_ssim": 0.9775982022285461,
      "mean_lpips": 0.15282797639568646,
      "p90_lpips": 0.20505481958389282,
      "mean_payload_bytes": 78548.73333333334,
      "mean_side_mib_per_intermediate": 0.0749099095662435,
      "mean_direct_total_mib_per_frame_ref": 0.2568481303341566,
      "mean_delta_psnr_vs_original": 9.958720852408895,
      "mean_delta_ssim_vs_original": 0.2657065307100614,
      "mean_delta_ms_ssim_vs_original": 0.1651293178399404,
      "mean_delta_lpips_vs_original": -0.14465711389978728
    },
    {
      "gap": 4,
      "method": "image_residual_sideinfo_full_frame",
      "side_bits": 5,
      "task_count": 30,
      "mean_psnr": 38.58263712216673,
      "min_psnr": 36.321062534325954,
      "p10_psnr": 37.03462997261895,
      "mean_ssim": 0.9556477765242258,
      "min_ssim": 0.914132833480835,
      "p10_ssim": 0.9393673896789551,
      "mean_ms_ssim": 0.9937580347061157,
      "mean_lpips": 0.06366377485295137,
      "p90_lpips": 0.09389072582125672,
      "mean_payload_bytes": 152725.96666666667,
      "mean_side_mib_per_intermediate": 0.14565083185831706,
      "mean_direct_total_mib_per_frame_ref": 0.32758905262623017,
      "mean_delta_psnr_vs_original": 16.260811540238546,
      "mean_delta_ssim_vs_original": 0.3426819697022438,
      "mean_delta_ms_ssim_vs_original": 0.18128915031750997,
      "mean_delta_lpips_vs_original": -0.23382131544252235
    },
    {
      "gap": 4,
      "method": "image_residual_sideinfo_full_frame",
      "side_bits": 6,
      "task_count": 30,
      "mean_psnr": 44.611105711164456,
      "min_psnr": 42.26937790109795,
      "p10_psnr": 42.85229646940562,
      "mean_ssim": 0.9868493815263112,
      "min_ssim": 0.9748044013977051,
      "p10_ssim": 0.9801356554031372,
      "mean_ms_ssim": 0.9983977874120077,
      "mean_lpips": 0.02161600081405292,
      "p90_lpips": 0.05190759338438511,
      "mean_payload_bytes": 208014.66666666666,
      "mean_side_mib_per_intermediate": 0.19837824503580728,
      "mean_direct_total_mib_per_frame_ref": 0.3803164658037204,
      "mean_delta_psnr_vs_original": 22.289280129236282,
      "mean_delta_ssim_vs_original": 0.37388357470432915,
      "mean_delta_ms_ssim_vs_original": 0.1859289030234019,
      "mean_delta_lpips_vs_original": -0.2758690894814208
    },
    {
      "gap": 4,
      "method": "original_streamsplat_base",
      "side_bits": 0,
      "task_count": 30,
      "mean_psnr": 22.321825581928188,
      "min_psnr": 14.094692782607366,
      "p10_psnr": 18.184874443272292,
      "mean_ssim": 0.6129658068219821,
      "min_ssim": 0.23181231319904327,
      "p10_ssim": 0.3722861886024475,
      "mean_ms_ssim": 0.8124688843886058,
      "mean_lpips": 0.2974850902954737,
      "p90_lpips": 0.4201940566301346,
      "mean_payload_bytes": 0.0,
      "mean_side_mib_per_intermediate": 0.0,
      "mean_direct_total_mib_per_frame_ref": 0.1819382207679131,
      "mean_delta_psnr_vs_original": 0.0,
      "mean_delta_ssim_vs_original": 0.0,
      "mean_delta_ms_ssim_vs_original": 0.0,
      "mean_delta_lpips_vs_original": 0.0
    },
    {
      "gap": 8,
      "method": "image_residual_sideinfo_full_frame",
      "side_bits": 3,
      "task_count": 30,
      "mean_psnr": 24.81127672184807,
      "min_psnr": 20.710464860518236,
      "p10_psnr": 22.06270267953762,
      "mean_ssim": 0.7088924904664358,
      "min_ssim": 0.52312833070755,
      "p10_ssim": 0.6269384503364563,
      "mean_ms_ssim": 0.9148616870244344,
      "mean_lpips": 0.32558591216802596,
      "p90_lpips": 0.4239487886428833,
      "mean_payload_bytes": 56604.5,
      "mean_side_mib_per_intermediate": 0.05398225784301758,
      "mean_direct_total_mib_per_frame_ref": 0.15160764459653192,
      "mean_delta_psnr_vs_original": 4.286096005491049,
      "mean_delta_ssim_vs_original": 0.17204359744985898,
      "mean_delta_ms_ssim_vs_original": 0.20102293988068898,
      "mean_delta_lpips_vs_original": -0.03262886554002762
    },
    {
      "gap": 8,
      "method": "image_residual_sideinfo_full_frame",
      "side_bits": 4,
      "task_count": 30,
      "mean_psnr": 31.718739219329834,
      "min_psnr": 28.365447060129718,
      "p10_psnr": 29.540455694883974,
      "mean_ssim": 0.863465295235316,
      "min_ssim": 0.7531229853630066,
      "p10_ssim": 0.7902803838253021,
      "mean_ms_ssim": 0.9742599070072174,
      "mean_lpips": 0.17084391911824545,
      "p90_lpips": 0.24912019520998005,
      "mean_payload_bytes": 82349.4,
      "mean_side_mib_per_intermediate": 0.07853450775146484,
      "mean_direct_total_mib_per_frame_ref": 0.17615989450497918,
      "mean_delta_psnr_vs_original": 11.193558502972811,
      "mean_delta_ssim_vs_original": 0.32661640221873917,
      "mean_delta_ms_ssim_vs_original": 0.260421159863472,
      "mean_delta_lpips_vs_original": -0.18737085858980815
    },
    {
      "gap": 8,
      "method": "image_residual_sideinfo_full_frame",
      "side_bits": 5,
      "task_count": 30,
      "mean_psnr": 37.935986353647216,
      "min_psnr": 35.72320843455932,
      "p10_psnr": 36.321179410084156,
      "mean_ssim": 0.9500470280647277,
      "min_ssim": 0.9156184792518616,
      "p10_ssim": 0.9229984164237977,
      "mean_ms_ssim": 0.9929966171582539,
      "mean_lpips": 0.07246888174364964,
      "p90_lpips": 0.130467689037323,
      "mean_payload_bytes": 159691.56666666668,