step,model_psnr_avg,linear_psnr_avg,margin_over_linear_psnr,best_so_far
0,25.508302721561353,25.508302721561353,0.0,True
96,25.54973342662406,25.508302721561353,0.041430705062705186,True
192,25.564946791917155,25.508302721561353,0.056644070355801546,True
288,25.573334510130262,25.508302721561353,0.06503178856890912,True
384,25.575303177021382,25.508302721561353,0.06700045546002897,True
