frame_gap,initial_model_psnr,final_model_psnr,linear_psnr,delta_psnr,margin_over_linear_psnr
2,24.983463649989545,25.042018164234797,24.983463649989545,0.05855451424525171,0.05855451424525171
4,24.794092825637314,24.834634973331845,24.794092825637314,0.040542147694530684,0.040542147694530684
8,25.528965737225494,25.595849673229463,25.528965737225494,0.06688393600396836,0.06688393600396836
16,26.464269137607154,26.562067390896154,26.464269137607154,0.0977982532889996,0.0977982532889996
