step,model_psnr_avg,linear_psnr_avg,margin_over_linear_psnr,best_so_far
0,30.01808138847584,30.01808138847584,0.0,True
96,30.129356657137233,30.01808138847584,0.11127526866139448,True
192,30.191999761293747,30.01808138847584,0.17391837281790856,True
288,30.22440135977003,30.01808138847584,0.20631997129419233,True
384,30.24524079435228,30.01808138847584,0.22715940587644212,True
