frame_gap,initial_model_psnr,final_model_psnr,linear_psnr,delta_psnr,margin_over_linear_psnr
2,29.97589786025635,30.213418626667266,29.97589786025635,0.2375207664109169,0.2375207664109169
4,30.00626224196363,30.23637194083788,30.00626224196363,0.23010969887425148,0.23010969887425148
8,30.16339267389626,30.397917936816377,30.16339267389626,0.23452526292011555,0.23452526292011555
16,29.905681013677373,30.11734358924512,29.905681013677373,0.2116625755677468,0.2116625755677468
