variant,step,model_psnr_avg,linear_psnr_avg,margin_over_linear_psnr,teacher_mse_avg,linear_teacher_mse_avg,teacher_mse_delta_vs_linear,model_psnr_by_gap,linear_psnr_by_gap,best_so_far
rgb_h256,0,19.655442148062438,19.655442148062438,0.0,0.006056887694285251,0.006056887694285251,0.0,"{'2': 21.205101893276698, '4': 19.63009405877533, '8': 19.257146120213022, '16': 18.529426519984696}","{'2': 21.205101893276698, '4': 19.63009405877533, '8': 19.257146120213022, '16': 18.529426519984696}",True
rgb_h256,256,19.692173034812384,19.655442148062438,0.036730886749946734,0.006057049460650887,0.006056887694285251,1.617663656361401e-07,"{'2': 21.258102523787517, '4': 19.659563597194918, '8': 19.292330394112852, '16': 18.558695624154247}","{'2': 21.205101893276698, '4': 19.63009405877533, '8': 19.257146120213022, '16': 18.529426519984696}",True
rgb_h256,512,19.70705320602079,19.655442148062438,0.05161105795835397,0.006057487786165439,0.006056887694285251,6.000918801873922e-07,"{'2': 21.277257213344754, '4': 19.669633361959164, '8': 19.30894479536896, '16': 18.572377453410287}","{'2': 21.205101893276698, '4': 19.63009405877533, '8': 19.257146120213022, '16': 18.529426519984696}",True
rgb_h256,768,19.70369980725166,19.655442148062438,0.04825765918922187,0.006058336904970929,0.006056887694285251,1.4492106856778264e-06,"{'2': 21.267214722256494, '4': 19.664923638845263, '8': 19.309656714128486, '16': 18.573004153776406}","{'2': 21.205101893276698, '4': 19.63009405877533, '8': 19.257146120213022, '16': 18.529426519984696}",False
rgb_h256,1024,19.70122882441601,19.655442148062438,0.04578667635357192,0.006059586638002656,0.006056887694285251,2.6989437174052e-06,"{'2': 21.260249501439937, '4': 19.663105310418057, '8': 19.30940973023211, '16': 18.57215075557393}","{'2': 21.205101893276698, '4': 19.63009405877533, '8': 19.257146120213022, '16': 18.529426519984696}",False
