reference_gap,target_middle_psnr,base_method,codec,task_count,keep_fraction,side_bits,mean_base_psnr,mean_entropy_psnr,mean_delta_psnr_vs_base,base_gap_to_target,entropy_gap_to_target,positive_delta_count,positive_delta_fraction,max_decoded_max_abs_diff_vs_fixed,mean_entropy_payload_bytes,mean_entropy_mib_per_intermediate_frame,q12_main_anchor_mib_per_frame,uniform_intermediate_frame_ratio,mean_direct_total_mib_per_frame,mean_amortized_total_mib_per_frame,decision
4,23.004337221027775,stage65_adapter,q12,1463,0.1,6,20.210770635920667,22.768595216050993,2.55782458013036,-2.793566585107108,-0.23574200497678177,1463,1.0,0.0,34943.74094326726,0.03332494825674749,0.18193822076791313,0.75,0.21526316902466064,0.20693193196047374,passes_full_eval_validation
8,21.56004909948801,stage65_adapter,q12,1707,0.1,6,19.067097958467713,21.857517703953395,2.790419745485695,-2.4929511410202956,0.2974686044653865,1707,1.0,0.0,35172.31634446397,0.03354293474623105,0.09762538675351436,0.875,0.13116832149974542,0.12697545465646654,passes_full_eval_validation
