base_method,codec,reference_gap,task_count,keep_fraction,side_bits,mean_fixed_payload_bytes,mean_entropy_payload_bytes,mean_fixed_mib_per_intermediate_frame,mean_entropy_mib_per_intermediate_frame,mean_entropy_ratio_vs_fixed,mean_entropy_savings_bytes_vs_fixed,max_decoded_max_abs_diff_vs_fixed,mean_base_psnr,mean_entropy_psnr,mean_delta_psnr_vs_base,positive_delta_count
stage65_adapter,q12,4,1463,0.1,6,43381.0,34943.74094326726,0.04137134552001953,0.03332494825674749,0.8055079630083977,8437.25905673274,0.0,20.210770635920667,22.768595216050993,2.55782458013036,1463
stage65_adapter,q12,8,1707,0.1,6,43381.0,35172.31634446397,0.04137134552001953,0.03354293474623105,0.8107769840359608,8208.683655536028,0.0,19.067097958467713,21.857517703953395,2.790419745485695,1707
