sample,gap,mode,depth_norm,metric_space,pair_count,all_count,middle_count,given_count,all_psnr,middle_psnr,given_psnr
MEAN_WEIGHTED,5,sliding_fixed,per_frame,official_256_float,1849,11094,7396,3698,26.994540075591946,23.004337221027775,34.97494578472027
MEAN_WEIGHTED,5,sliding_fixed,per_frame,stage72_512_float,1849,11094,7396,3698,24.365246543160325,21.62355678546741,29.848626058546138
MEAN_WEIGHTED,5,sliding_fixed,per_frame,stage72_512_uint8,1849,11094,7396,3698,24.36215259080731,21.622415520480068,29.841626731461794
MEAN_WEIGHTED,8,sliding_fixed,per_frame,official_256_float,1759,15831,12313,3518,24.534872014837706,21.56004909948801,34.94675221856166
MEAN_WEIGHTED,8,sliding_fixed,per_frame,stage72_512_float,1759,15831,12313,3518,22.508170377344314,20.41627203926723,29.829814560614146
MEAN_WEIGHTED,8,sliding_fixed,per_frame,stage72_512_uint8,1759,15831,12313,3518,22.50593789187537,20.415387323612556,29.822864880795183
