{
  "stage": 17,
  "method": "segment-error-aware selected-keyframe RD curve",
  "sample": "driving",
  "selection_method": "segment_rd",
  "reference_gap": 4,
  "resolution": [
    512,
    288
  ],
  "total_frames": 81,
  "selected_keyframes": [
    0,
    2,
    4,
    6,
    9,
    11,
    13,
    16,
    19,
    24,
    29,
    34,
    39,
    44,
    49,
    55,
    60,
    65,
    70,
    75,
    80
  ],
  "keyframe_count": 21,
  "keyframe_ratio": 0.25925925925925924,
  "segment_lengths": [
    2,
    2,
    2,
    3,
    2,
    2,
    3,
    3,
    5,
    5,
    5,
    5,
    5,
    5,
    6,
    5,
    5,
    5,
    5,
    5
  ],
  "max_segment_length": 6,
  "pair_count": 20,
  "complete": true,
  "all": {
    "count": 81,
    "psnr_avg": 30.455521453965307,
    "psnr_min": 22.258732224534597,
    "ssim_avg": 0.8510365817281935,
    "ssim_min": 0.5826513767242432
  },
  "middle_only": {
    "count": 60,
    "psnr_avg": 28.160586286253864,
    "psnr_min": 22.258732224534597,
    "ssim_avg": 0.8101822127898534,
    "ssim_min": 0.5826513767242432
  },
  "given_keyframes": {
    "count": 21,
    "psnr_avg": 37.012479075998016,
    "psnr_min": 36.65132468059386,
    "ssim_avg": 0.9677633501234508,
    "ssim_min": 0.9667403697967529
  },
  "estimated_q8_static_mib_per_frame": 0.11848958333333333,
  "raw_pred_gs_mib": 123.75,
  "raw_pred_gs_mib_per_frame": 1.5277777777777777,
  "pred_gs_shapes_last_batch": {
    "rgb": [
      1,
      73728,
      3
    ],
    "opacity": [
      1,
      73728,
      3
    ],
    "scale": [
      1,
      73728,
      2
    ],
    "xyz": [
      1,
      73728,
      2,
      3
    ],
    "rot": [
      1,
      73728,
      2,
      4
    ]
  },
  "heavy_output_dir": "/mnt/hdd2tC/tmp/opencode/mono_dfcgs_runs/stage17_segment_error_rd_curve/driving_segment_rd_gap4",
  "per_frame_metrics": null,
  "notes": "Smoke evaluation for selected keyframes. It still uses StreamSplat RGB/depth-conditioned inference for each selected pair, not the final Gaussian-anchor-only decoder."
}