{
  "stage": 17,
  "method": "segment-error-aware selected-keyframe RD curve",
  "sample": "meetroom",
  "selection_method": "segment_rd",
  "reference_gap": 8,
  "resolution": [
    512,
    288
  ],
  "total_frames": 81,
  "selected_keyframes": [
    0,
    9,
    16,
    20,
    28,
    40,
    51,
    60,
    64,
    68,
    80
  ],
  "keyframe_count": 11,
  "keyframe_ratio": 0.13580246913580246,
  "segment_lengths": [
    9,
    7,
    4,
    8,
    12,
    11,
    9,
    4,
    4,
    12
  ],
  "max_segment_length": 12,
  "pair_count": 10,
  "complete": true,
  "all": {
    "count": 81,
    "psnr_avg": 29.374703985863242,
    "psnr_min": 24.73352819413416,
    "ssim_avg": 0.9477471275094115,
    "ssim_min": 0.9154388904571533
  },
  "middle_only": {
    "count": 70,
    "psnr_avg": 28.323848531176075,
    "psnr_min": 24.73352819413416,
    "ssim_avg": 0.9423903814383916,
    "ssim_min": 0.9154388904571533
  },
  "given_keyframes": {
    "count": 11,
    "psnr_avg": 36.06196597023609,
    "psnr_min": 35.87418323013138,
    "ssim_avg": 0.9818355115977201,
    "ssim_min": 0.9814165234565735
  },
  "estimated_q8_static_mib_per_frame": 0.062065972222222224,
  "raw_pred_gs_mib": 61.875,
  "raw_pred_gs_mib_per_frame": 0.7638888888888888,
  "pred_gs_shapes_last_batch": {
    "rgb": [
      1,
      73728,
      3
    ],
    "opacity": [
      1,
      73728,
      3
    ],
    "scale": [
      1,
      73728,
      2
    ],
    "xyz": [
      1,
      73728,
      2,
      3
    ],
    "rot": [
      1,
      73728,
      2,
      4
    ]
  },
  "heavy_output_dir": "/mnt/hdd2tC/tmp/opencode/mono_dfcgs_runs/stage17_segment_error_rd_curve/meetroom_segment_rd_gap8",
  "per_frame_metrics": null,
  "notes": "Smoke evaluation for selected keyframes. It still uses StreamSplat RGB/depth-conditioned inference for each selected pair, not the final Gaussian-anchor-only decoder."
}