{
  "stage": 17,
  "method": "segment-error-aware selected-keyframe RD curve",
  "sample": "n3dv",
  "selection_method": "uniform",
  "reference_gap": 4,
  "resolution": [
    512,
    288
  ],
  "total_frames": 81,
  "selected_keyframes": [
    0,
    4,
    8,
    12,
    16,
    20,
    24,
    28,
    32,
    36,
    40,
    44,
    48,
    52,
    56,
    60,
    64,
    68,
    72,
    76,
    80
  ],
  "keyframe_count": 21,
  "keyframe_ratio": 0.25925925925925924,
  "segment_lengths": [
    4,
    4,
    4,
    4,
    4,
    4,
    4,
    4,
    4,
    4,
    4,
    4,
    4,
    4,
    4,
    4,
    4,
    4,
    4,
    4
  ],
  "max_segment_length": 4,
  "pair_count": 20,
  "complete": true,
  "all": {
    "count": 81,
    "psnr_avg": 33.39609679886218,
    "psnr_min": 29.60062759521959,
    "ssim_avg": 0.9628844577589153,
    "ssim_min": 0.9317829608917236
  },
  "middle_only": {
    "count": 60,
    "psnr_avg": 33.05215015387749,
    "psnr_min": 29.60062759521959,
    "ssim_avg": 0.960603819290797,
    "ssim_min": 0.9317829608917236
  },
  "given_keyframes": {
    "count": 21,
    "psnr_avg": 34.37880149881845,
    "psnr_min": 34.31214041514254,
    "ssim_avg": 0.9694005676678249,
    "ssim_min": 0.9691340327262878
  },
  "estimated_q8_static_mib_per_frame": 0.11848958333333333,
  "raw_pred_gs_mib": 123.75,
  "raw_pred_gs_mib_per_frame": 1.5277777777777777,
  "pred_gs_shapes_last_batch": {
    "rgb": [
      1,
      73728,
      3
    ],
    "opacity": [
      1,
      73728,
      3
    ],
    "scale": [
      1,
      73728,
      2
    ],
    "xyz": [
      1,
      73728,
      2,
      3
    ],
    "rot": [
      1,
      73728,
      2,
      4
    ]
  },
  "heavy_output_dir": "/mnt/hdd2tC/tmp/opencode/mono_dfcgs_runs/stage17_segment_error_rd_curve/n3dv_uniform_gap4",
  "per_frame_metrics": null,
  "notes": "Smoke evaluation for selected keyframes. It still uses StreamSplat RGB/depth-conditioned inference for each selected pair, not the final Gaussian-anchor-only decoder."
}