{
  "stage": 17,
  "method": "segment-error-aware selected-keyframe RD curve",
  "sample": "n3dv",
  "selection_method": "segment_rd",
  "reference_gap": 4,
  "resolution": [
    512,
    288
  ],
  "total_frames": 81,
  "selected_keyframes": [
    0,
    2,
    4,
    6,
    9,
    14,
    19,
    25,
    30,
    35,
    40,
    43,
    46,
    50,
    55,
    60,
    65,
    70,
    75,
    78,
    80
  ],
  "keyframe_count": 21,
  "keyframe_ratio": 0.25925925925925924,
  "segment_lengths": [
    2,
    2,
    2,
    3,
    5,
    5,
    6,
    5,
    5,
    5,
    3,
    3,
    4,
    5,
    5,
    5,
    5,
    5,
    3,
    2
  ],
  "max_segment_length": 6,
  "pair_count": 20,
  "complete": true,
  "all": {
    "count": 81,
    "psnr_avg": 33.428578143327144,
    "psnr_min": 30.535494896304975,
    "ssim_avg": 0.9634050520849816,
    "ssim_min": 0.9420738220214844
  },
  "middle_only": {
    "count": 60,
    "psnr_avg": 33.084130548722,
    "psnr_min": 30.535494896304975,
    "ssim_avg": 0.9612218499183655,
    "ssim_min": 0.9420738220214844
  },
  "given_keyframes": {
    "count": 21,
    "psnr_avg": 34.41271412791328,
    "psnr_min": 34.32684267521094,
    "ssim_avg": 0.9696427725610279,
    "ssim_min": 0.9692530035972595
  },
  "estimated_q8_static_mib_per_frame": 0.11848958333333333,
  "raw_pred_gs_mib": 123.75,
  "raw_pred_gs_mib_per_frame": 1.5277777777777777,
  "pred_gs_shapes_last_batch": {
    "rgb": [
      1,
      73728,
      3
    ],
    "opacity": [
      1,
      73728,
      3
    ],
    "scale": [
      1,
      73728,
      2
    ],
    "xyz": [
      1,
      73728,
      2,
      3
    ],
    "rot": [
      1,
      73728,
      2,
      4
    ]
  },
  "heavy_output_dir": "/mnt/hdd2tC/tmp/opencode/mono_dfcgs_runs/stage17_segment_error_rd_curve/n3dv_segment_rd_gap4",
  "per_frame_metrics": null,
  "notes": "Smoke evaluation for selected keyframes. It still uses StreamSplat RGB/depth-conditioned inference for each selected pair, not the final Gaussian-anchor-only decoder."
}