{
  "stage": 167,
  "status": "adaptive_schedule_rendered_smoke_packaged",
  "decision": "inspect_smoke_before_scaling",
  "policy": "streamsplat_guided_half_anchor_entropy_residual_v1",
  "target_count": 8,
  "schedule_count": 3,
  "summary_rows": [
    {
      "schedule": "uniform_gap8",
      "target_count": 8,
      "rendered_count": 8,
      "target_keyframe_count": 0,
      "mean_psnr": 26.203640896378754,
      "p10_psnr": 25.184412756845912,
      "mean_ssim": 0.8343665823340416,
      "mean_ms_ssim": 0.9815688729286194,
      "mean_lpips": 0.20792134664952755,
      "p90_lpips": 0.26954071819782255,
      "mean_original_psnr": 19.69910130834679,
      "mean_original_lpips": 0.2856053560972214,
      "mean_payload_bytes": 156389.625,
      "mean_side_mib_per_intermediate": 0.14914476871490479,
      "mean_delta_psnr_vs_uniform_gap8": 0.0,
      "mean_delta_lpips_vs_uniform_gap8": 0.0
    },
    {
      "schedule": "stage165_adaptive",
      "target_count": 8,
      "rendered_count": 8,
      "target_keyframe_count": 0,
      "mean_psnr": 26.192677144097146,
      "p10_psnr": 25.184412756845912,
      "mean_ssim": 0.8337735459208488,
      "mean_ms_ssim": 0.9814087599515915,
      "mean_lpips": 0.2088309582322836,
      "p90_lpips": 0.2746345430612564,
      "mean_original_psnr": 19.86239408781455,
      "mean_original_lpips": 0.28173528984189034,
      "mean_payload_bytes": 155993.625,
      "mean_side_mib_per_intermediate": 0.1487671136856079,
      "mean_delta_psnr_vs_uniform_gap8": -0.010963752281610173,
      "mean_delta_lpips_vs_uniform_gap8": 0.0009096115827560425
    },
    {
      "schedule": "uniform_gap4",
      "target_count": 8,
      "rendered_count": 7,
      "target_keyframe_count": 1,
      "mean_psnr": 25.68324570510097,
      "p10_psnr": 25.263786687198742,
      "mean_ssim": 0.8433339936392648,
      "mean_ms_ssim": 0.983516446181706,
      "mean_lpips": 0.19355605755533492,
      "p90_lpips": 0.23076039850711824,
      "mean_original_psnr": 20.052429695932908,
      "mean_original_lpips": 0.2695577506508146,
      "mean_payload_bytes": 149221.57142857142,
      "mean_side_mib_per_intermediate": 0.14230878012520926,
      "mean_delta_psnr_vs_uniform_gap8": 0.10339870067147418,
      "mean_delta_lpips_vs_uniform_gap8": -0.004473369036402021
    }
  ],
  "lpips_available": true,
  "lpips_error": null,
  "ms_ssim_available": true,
  "ms_ssim_error": null,
  "contact_sheet": "/data/hctang/tmp/opencode/mono_dfcgs_runs/stage167_adaptive_schedule_rendered_smoke/stage167_adaptive_schedule_rendered_smoke_contact_sheet.jpg",
  "targets_csv": "/mnt/hdd2tC/haocheng/Mono-DFCGS/experiments/stage167_adaptive_schedule_rendered_smoke/stage167_rendered_smoke_targets.csv",
  "rows_csv": "/mnt/hdd2tC/haocheng/Mono-DFCGS/experiments/stage167_adaptive_schedule_rendered_smoke/stage167_rendered_smoke_rows.csv",
  "summary_csv": "/mnt/hdd2tC/haocheng/Mono-DFCGS/experiments/stage167_adaptive_schedule_rendered_smoke/stage167_rendered_smoke_summary.csv",
  "package_json": "/mnt/hdd2tC/haocheng/Mono-DFCGS/experiments/stage167_adaptive_schedule_rendered_smoke/stage167_adaptive_schedule_rendered_smoke_package.json",
  "report_md": "/mnt/hdd2tC/haocheng/Mono-DFCGS/experiments/stage167_adaptive_schedule_rendered_smoke/stage167_adaptive_schedule_rendered_smoke_report.md",
  "heavy_root": "/data/hctang/tmp/opencode/mono_dfcgs_runs/stage167_adaptive_schedule_rendered_smoke"
}
