step,model_psnr_avg,linear_psnr_avg,margin_over_linear_psnr,best_so_far
0,29.417930697652412,29.417930697652412,0.0,True
96,29.49148029003707,29.417930697652412,0.07354959238465852,True
192,29.53542225499792,29.417930697652412,0.11749155734550598,True
288,29.55759774273139,29.417930697652412,0.13966704507897632,True
384,29.568150388836386,29.417930697652412,0.15021969118397394,True
