frame_gap,initial_model_psnr,final_model_psnr,linear_psnr,delta_psnr,margin_over_linear_psnr
2,30.070803397916933,30.25282158637561,30.070803397916933,0.18201818845867734,0.18201818845867734
4,29.521303563512674,29.68080698231982,29.521303563512674,0.15950341880714447,0.15950341880714447
8,29.216372341876006,29.338654526869142,29.216372341876006,0.1222821849931357,0.1222821849931357
16,29.189679837436294,29.3426540585506,29.189679837436294,0.15297422111430592,0.15297422111430592
