step,model_psnr_avg,linear_psnr_avg,margin_over_linear_psnr,best_so_far
4,23.256262812537123,23.252508732675636,0.003754079861487014,True
5,23.256934739494863,23.252508732675636,0.004426006819226558,True
