{
  "stage": 62,
  "mode": "adapter training infra v2 on DAVIS anchors",
  "manifest": "/mnt/hdd2tC/haocheng/Mono-DFCGS/experiments/stage61_davis_anchor_export_data_full/stage61_davis_anchor_export_manifest.csv",
  "train_splits": [
    "train"
  ],
  "eval_splits": [
    "val"
  ],
  "frame_gaps": [
    2,
    4
  ],
  "available_train_rows": 3103,
  "available_eval_rows": 1469,
  "selected_train_row_count": 2,
  "selected_eval_row_count": 2,
  "train_task_count": 2,
  "eval_task_count": 2,
  "rows_by_gap": {
    "2": {
      "available_train_rows": 2055,
      "available_eval_rows": 974,
      "selected_train_rows": 1,
      "selected_eval_rows": 1,
      "selected_train_sequences": [
        "bear"
      ],
      "selected_eval_sequences": [
        "bike-packing"
      ]
    },
    "4": {
      "available_train_rows": 1048,
      "available_eval_rows": 495,
      "selected_train_rows": 1,
      "selected_eval_rows": 1,
      "selected_train_sequences": [
        "bear"
      ],
      "selected_eval_sequences": [
        "bike-packing"
      ]
    }
  },
  "steps": 5,
  "eval_interval": 1,
  "hidden_dim": 128,
  "lr": 8e-06,
  "quant_bits": 8,
  "targets_per_row": 1,
  "zero_init_residual": true,
  "parameter_count": 102925,
  "start_step": 4,
  "best_step": 5,
  "initial_train": {
    "model_psnr_avg": 20.54392920166479,
    "linear_psnr_avg": 20.540486284008118,
    "margin_over_linear_psnr": 0.0034429176566703745,
    "model_psnr_by_gap": {
      "2": 21.687220510215255,
      "4": 19.40063789311432
    },
    "linear_psnr_by_gap": {
      "2": 21.68328513139477,
      "4": 19.397687436621464
    }
  },
  "initial_eval": {
    "model_psnr_avg": 23.256262812537123,
    "linear_psnr_avg": 23.252508732675636,
    "margin_over_linear_psnr": 0.003754079861487014,
    "model_psnr_by_gap": {
      "2": 23.73599866801607,
      "4": 22.776526957058174
    },
    "linear_psnr_by_gap": {
      "2": 23.732009435992303,
      "4": 22.773008029358973
    }
  },
  "final_train": {
    "model_psnr_avg": 20.54479623465315,
    "linear_psnr_avg": 20.540486284008118,
    "margin_over_linear_psnr": 0.004309950645030369,
    "model_psnr_by_gap": {
      "2": 21.68825972807769,
      "4": 19.401332741228604
    },
    "linear_psnr_by_gap": {
      "2": 21.68328513139477,
      "4": 19.397687436621464
    }
  },
  "final_eval": {
    "model_psnr_avg": 23.256934739494863,
    "linear_psnr_avg": 23.252508732675636,
    "margin_over_linear_psnr": 0.004426006819226558,
    "model_psnr_by_gap": {
      "2": 23.73700407953085,
      "4": 22.776865399458877
    },
    "linear_psnr_by_gap": {
      "2": 23.732009435992303,
      "4": 22.773008029358973
    }
  },
  "best_eval": {
    "model_psnr_avg": 23.256934739494863,
    "linear_psnr_avg": 23.252508732675636,
    "margin_over_linear_psnr": 0.004426006819226558,
    "model_psnr_by_gap": {
      "2": 23.73700407953085,
      "4": 22.776865399458877
    },
    "linear_psnr_by_gap": {
      "2": 23.732009435992303,
      "4": 22.773008029358973
    }
  },
  "train_losses_csv": "/mnt/hdd2tC/haocheng/Mono-DFCGS/experiments/stage62_adapter_training_infra_v2/stage62_train_rgb_losses.csv",
  "validation_csv": "/mnt/hdd2tC/haocheng/Mono-DFCGS/experiments/stage62_adapter_training_infra_v2/stage62_validation_log.csv",
  "selected_rows_csv": "/mnt/hdd2tC/haocheng/Mono-DFCGS/experiments/stage62_adapter_training_infra_v2/stage62_selected_rows.csv",
  "initial_eval_csv": "/mnt/hdd2tC/haocheng/Mono-DFCGS/experiments/stage62_adapter_training_infra_v2/stage62_initial_eval.csv",
  "final_eval_csv": "/mnt/hdd2tC/haocheng/Mono-DFCGS/experiments/stage62_adapter_training_infra_v2/stage62_final_eval.csv",
  "best_eval_csv": "/mnt/hdd2tC/haocheng/Mono-DFCGS/experiments/stage62_adapter_training_infra_v2/stage62_best_eval.csv",
  "best_gap_eval_csv": "/mnt/hdd2tC/haocheng/Mono-DFCGS/experiments/stage62_adapter_training_infra_v2/stage62_best_gap_eval_summary.csv",
  "external_best_checkpoint": {
    "path": "/data/hctang/tmp/opencode/mono_dfcgs_runs/stage62_adapter_training_infra_v2/stage62_best_anchor_adapter.safetensors",
    "tensor_count": 14,
    "parameter_count": 102925
  },
  "external_final_checkpoint": {
    "path": "/data/hctang/tmp/opencode/mono_dfcgs_runs/stage62_adapter_training_infra_v2/stage62_final_anchor_adapter.safetensors",
    "tensor_count": 14,
    "parameter_count": 102925
  },
  "external_latest_training_state": {
    "path": "/data/hctang/tmp/opencode/mono_dfcgs_runs/stage62_adapter_training_infra_v2/stage62_latest_training_state.pt",
    "step": 5,
    "best_step": 5
  },
  "notes": "Stage62 is infrastructure validation, not a medium/long training result. Inputs remain quantized keyframe Gaussian anchors plus timestamp only."
}