sample,frame_gap,target_frame_index,normalized_time,model_mse,model_psnr,linear_mse,linear_psnr
DAVIS/val/bike-packing,2,1,0.5,0.004229602869600058,23.73700407953085,0.004234469961374998,23.732009435992303
DAVIS/val/bike-packing,4,2,0.5,0.0052761053666472435,22.776865399458877,0.005280793644487858,22.773008029358973
