frame_gap,initial_model_psnr,best_model_psnr,linear_psnr,delta_psnr,margin_over_linear_psnr
2,23.73599866801607,23.73700407953085,23.732009435992303,0.0010054115147788423,0.004994643538545063
4,22.776526957058174,22.776865399458877,22.773008029358973,0.00033844240070379783,0.0038573700999045
