sample,frame_gap,target_frame_index,normalized_time,model_mse,model_psnr,linear_mse,linear_psnr
DAVIS/val/bike-packing,2,1,0.5,0.004230582155287266,23.73599866801607,0.004234469961374998,23.732009435992303
DAVIS/val/bike-packing,4,2,0.5,0.005276516545563936,22.776526957058174,0.005280793644487858,22.773008029358973
