{
  "stage": 186,
  "status": "full_sequence_quality_validation_complete",
  "decision": "adaptive_quality_rate_between_gap8_and_gap4",
  "complete": true,
  "summary_rows": [
    {
      "schedule": "uniform_gap8",
      "frame_count": 1999,
      "keyframe_count": 292,
      "residual_count": 1707,
      "mean_psnr": 29.373964871839835,
      "p10_psnr": 25.42715060404842,
      "mean_keyframe_psnr": 29.841138057051815,
      "mean_residual_psnr": 29.29405006804259,
      "mean_ssim": 0.867625699572828,
      "p10_ssim": 0.7966694355010986,
      "mean_ms_ssim": 0.9843430183660156,
      "mean_lpips": 0.16869177970254404,
      "p90_lpips": 0.218844535946846,
      "mean_payload_bytes_per_frame_schedule_row": 184164.62431215608
    },
    {
      "schedule": "stage165_adaptive",
      "frame_count": 1999,
      "keyframe_count": 358,
      "residual_count": 1641,
      "mean_psnr": 29.4255826920606,
      "p10_psnr": 25.445569649566185,
      "mean_keyframe_psnr": 29.891894493477217,
      "mean_residual_psnr": 29.32385226859494,
      "mean_ssim": 0.8692941793565335,
      "p10_ssim": 0.7973948836326599,
      "mean_ms_ssim": 0.9846469353830415,
      "mean_lpips": 0.16593745923142186,
      "p90_lpips": 0.21601052284240724,
      "mean_payload_bytes_per_frame_schedule_row": 176008.4027013507
    },
    {
      "schedule": "uniform_gap4",
      "frame_count": 1999,
      "keyframe_count": 536,
      "residual_count": 1463,
      "mean_psnr": 29.535715839048734,
      "p10_psnr": 25.49128423869604,
      "mean_keyframe_psnr": 29.869428132610054,
      "mean_residual_psnr": 29.413453508666734,
      "mean_ssim": 0.8739438994697716,
      "p10_ssim": 0.8021576523780822,
      "mean_ms_ssim": 0.9855294218654929,
      "mean_lpips": 0.15947172297849663,
      "p90_lpips": 0.21015654504299164,
      "mean_payload_bytes_per_frame_schedule_row": 153911.13306653328
    }
  ],
  "rd_quality_rows": [
    {
      "schedule": "uniform_gap8",
      "total_mib_per_frame": 0.2758661759621266,
      "delta_total_mib_per_frame_vs_gap8": 0.0,
      "delta_total_mib_per_frame_vs_gap4": -0.05490276848095066,
      "mean_psnr": 29.373964871839835,
      "delta_psnr_vs_gap8": 0.0,
      "delta_psnr_vs_gap4": -0.16175096720889925,
      "mean_ssim": 0.867625699572828,
      "delta_ssim_vs_gap8": 0.0,
      "delta_ssim_vs_gap4": -0.006318199896943599,
      "mean_ms_ssim": 0.9843430183660156,
      "delta_ms_ssim_vs_gap8": 0.0,
      "delta_ms_ssim_vs_gap4": -0.0011864034994772954,
      "mean_lpips": 0.16869177970254404,
      "delta_lpips_vs_gap8": 0.0,
      "delta_lpips_vs_gap4": 0.00922005672404741
    },
    {
      "schedule": "stage165_adaptive",
      "total_mib_per_frame": 0.2907429328258184,
      "delta_total_mib_per_frame_vs_gap8": 0.014876756863691831,
      "delta_total_mib_per_frame_vs_gap4": -0.04002601161725883,
      "mean_psnr": 29.4255826920606,
      "delta_psnr_vs_gap8": 0.05161782022076622,
      "delta_psnr_vs_gap4": -0.11013314698813303,
      "mean_ssim": 0.8692941793565335,
      "delta_ssim_vs_gap8": 0.0016684797837055454,
      "delta_ssim_vs_gap4": -0.004649720113238054,
      "mean_ms_ssim": 0.9846469353830415,
      "delta_ms_ssim_vs_gap8": 0.0003039170170259231,
      "delta_ms_ssim_vs_gap4": -0.0008824864824513723,
      "mean_lpips": 0.16593745923142186,
      "delta_lpips_vs_gap8": -0.0027543204711221736,
      "delta_lpips_vs_gap4": 0.006465736252925236
    },
    {
      "schedule": "uniform_gap4",
      "total_mib_per_frame": 0.33076894444307725,
      "delta_total_mib_per_frame_vs_gap8": 0.05490276848095066,
      "delta_total_mib_per_frame_vs_gap4": 0.0,
      "mean_psnr": 29.535715839048734,
      "delta_psnr_vs_gap8": 0.16175096720889925,
      "delta_psnr_vs_gap4": 0.0,
      "mean_ssim": 0.8739438994697716,
      "delta_ssim_vs_gap8": 0.006318199896943599,
      "delta_ssim_vs_gap4": 0.0,
      "mean_ms_ssim": 0.9855294218654929,
      "delta_ms_ssim_vs_gap8": 0.0011864034994772954,
      "delta_ms_ssim_vs_gap4": 0.0,
      "mean_lpips": 0.15947172297849663,
      "delta_lpips_vs_gap8": -0.00922005672404741,
      "delta_lpips_vs_gap4": 0.0
    }
  ],
  "validation_rows": [
    {
      "item": "unique_keyframe_quality_rows",
      "expected": 596,
      "actual": 596,
      "status": "ok"
    },
    {
      "item": "unique_residual_quality_rows",
      "expected": 3472,
      "actual": 3472,
      "status": "ok"
    },
    {
      "item": "final_frame_schedule_quality_rows",
      "expected": 5997,
      "actual": 5997,
      "status": "ok"
    },
    {
      "item": "missing_final_measurements",
      "expected": 0,
      "actual": 0,
      "status": "ok"
    }
  ],
  "lpips_available": true,
  "lpips_error": null,
  "ms_ssim_available": true,
  "ms_ssim_error": null,
  "keyframe_quality_csv": "/mnt/hdd2tC/haocheng/Mono-DFCGS/experiments/stage186_full_sequence_quality_validation/stage186_unique_keyframe_quality_metrics.csv",
  "residual_quality_csv": "/mnt/hdd2tC/haocheng/Mono-DFCGS/experiments/stage186_full_sequence_quality_validation/stage186_unique_stage158_residual_quality_metrics.csv",
  "final_quality_csv": "/mnt/hdd2tC/haocheng/Mono-DFCGS/experiments/stage186_full_sequence_quality_validation/stage186_full_sequence_quality_by_schedule.csv",
  "summary_csv": "/mnt/hdd2tC/haocheng/Mono-DFCGS/experiments/stage186_full_sequence_quality_validation/stage186_full_sequence_quality_summary.csv",
  "rd_quality_csv": "/mnt/hdd2tC/haocheng/Mono-DFCGS/experiments/stage186_full_sequence_quality_validation/stage186_measured_rd_quality_points.csv",
  "validation_csv": "/mnt/hdd2tC/haocheng/Mono-DFCGS/experiments/stage186_full_sequence_quality_validation/stage186_quality_validation_checks.csv",
  "package_json": "/mnt/hdd2tC/haocheng/Mono-DFCGS/experiments/stage186_full_sequence_quality_validation/stage186_full_sequence_quality_validation_package.json",
  "report_md": "/mnt/hdd2tC/haocheng/Mono-DFCGS/experiments/stage186_full_sequence_quality_validation/stage186_full_sequence_quality_validation_report.md",
  "heavy_root": "/data/hctang/tmp/opencode/mono_dfcgs_runs/stage186_full_sequence_quality_validation"
}
