schedule,frame_count,keyframe_count,residual_count,mean_psnr,p10_psnr,mean_keyframe_psnr,mean_residual_psnr,mean_ssim,p10_ssim,mean_ms_ssim,mean_lpips,p90_lpips,mean_payload_bytes_per_frame_schedule_row
uniform_gap8,1999,292,1707,29.373964871839835,25.42715060404842,29.841138057051815,29.29405006804259,0.867625699572828,0.7966694355010986,0.9843430183660156,0.16869177970254404,0.218844535946846,184164.62431215608
stage165_adaptive,1999,358,1641,29.4255826920606,25.445569649566185,29.891894493477217,29.32385226859494,0.8692941793565335,0.7973948836326599,0.9846469353830415,0.16593745923142186,0.21601052284240724,176008.4027013507
uniform_gap4,1999,536,1463,29.535715839048734,25.49128423869604,29.869428132610054,29.413453508666734,0.8739438994697716,0.8021576523780822,0.9855294218654929,0.15947172297849663,0.21015654504299164,153911.13306653328
