schedule,total_mib_per_frame,delta_total_mib_per_frame_vs_gap8,delta_total_mib_per_frame_vs_gap4,mean_psnr,delta_psnr_vs_gap8,delta_psnr_vs_gap4,mean_ssim,delta_ssim_vs_gap8,delta_ssim_vs_gap4,mean_ms_ssim,delta_ms_ssim_vs_gap8,delta_ms_ssim_vs_gap4,mean_lpips,delta_lpips_vs_gap8,delta_lpips_vs_gap4
uniform_gap8,0.2758661759621266,0.0,-0.05490276848095066,29.373964871839835,0.0,-0.16175096720889925,0.867625699572828,0.0,-0.006318199896943599,0.9843430183660156,0.0,-0.0011864034994772954,0.16869177970254404,0.0,0.00922005672404741
stage165_adaptive,0.2907429328258184,0.014876756863691831,-0.04002601161725883,29.4255826920606,0.05161782022076622,-0.11013314698813303,0.8692941793565335,0.0016684797837055454,-0.004649720113238054,0.9846469353830415,0.0003039170170259231,-0.0008824864824513723,0.16593745923142186,-0.0027543204711221736,0.006465736252925236
uniform_gap4,0.33076894444307725,0.05490276848095066,0.0,29.535715839048734,0.16175096720889925,0.0,0.8739438994697716,0.006318199896943599,0.0,0.9855294218654929,0.0011864034994772954,0.0,0.15947172297849663,-0.00922005672404741,0.0
